,State,County,Year,Days with AQI,Good Days,Moderate Days,Unhealthy for Sensitive Groups Days,Unhealthy Days,Very Unhealthy Days,Hazardous Days,Max AQI,90th Percentile AQI,Median AQI,Days CO,Days NO2,Days Ozone,Days PM2.5,Days PM10,FIPS
0,ALABAMA,Baldwin,2018,270,232,38,0,0,0,0,97,54,37,0,0,194,76,0,
1,ALABAMA,Clay,2018,110,86,24,0,0,0,0,68,54,36,0,0,0,110,0,
2,ALABAMA,Colbert,2018,277,235,42,0,0,0,0,93,54,37,0,0,184,93,0,
3,ALABAMA,Dekalb,2018,350,302,48,0,0,0,0,84,54,36,0,0,286,64,0,
4,ALABAMA,Elmore,2018,222,203,19,0,0,0,0,71,49,33,0,0,222,0,0,
5,ALABAMA,Etowah,2018,324,169,154,0,1,0,0,154,65,48,0,0,120,204,0,
6,ALABAMA,Houston,2018,277,230,47,0,0,0,0,80,54,37,0,0,191,86,0,
7,ALABAMA,Jefferson,2018,365,98,263,3,1,0,0,156,76,56,0,1,65,297,2,
8,ALABAMA,Lawrence,2018,118,99,19,0,0,0,0,66,54,31,0,0,0,118,0,
9,ALABAMA,Madison,2018,365,194,170,1,0,0,0,115,62,49,0,0,71,293,1,
10,ALABAMA,Mobile,2018,359,218,140,1,0,0,0,105,61,44,0,0,103,256,0,
11,ALABAMA,Montgomery,2018,324,81,243,0,0,0,0,93,70,57,0,0,31,293,0,
12,ALABAMA,Morgan,2018,364,251,113,0,0,0,0,100,59,44,0,0,128,236,0,
13,ALABAMA,Russell,2018,364,199,165,0,0,0,0,99,64,48,0,0,66,298,0,
14,ALABAMA,Shelby,2018,242,217,24,1,0,0,0,112,51,38,0,0,242,0,0,
15,ALABAMA,Sumter,2018,357,327,30,0,0,0,0,77,48,31,0,0,202,155,0,
16,ALABAMA,Tuscaloosa,2018,320,223,96,1,0,0,0,115,60,42,0,0,165,155,0,
17,ALASKA,Aleutians East,2018,120,120,0,0,0,0,0,46,28,13,0,0,0,120,0,
18,ALASKA,Anchorage,2018,365,288,77,0,0,0,0,87,60,30,0,0,0,288,77,
19,ALASKA,Bethel,2018,202,194,8,0,0,0,0,77,37,19,0,0,0,157,45,
20,ALASKA,Denali,2018,364,361,3,0,0,0,0,58,44,35,0,0,363,1,0,
21,ALASKA,Fairbanks North Star,2018,365,215,111,29,10,0,0,158,103,40,0,9,90,264,2,
22,ALASKA,Juneau,2018,352,268,84,0,0,0,0,85,59,31,0,0,0,349,3,
23,ALASKA,Kenai Peninsula,2018,120,120,0,0,0,0,0,36,21,10,0,0,0,120,0,
24,ALASKA,Matanuska-Susitna,2018,365,308,53,3,1,0,0,151,58,29,0,0,182,165,18,
25,ARIZONA,Apache,2018,358,354,4,0,0,0,0,58,27,13,0,0,0,58,300,
26,ARIZONA,Cochise,2018,365,266,99,0,0,0,0,90,63,45,0,0,293,50,22,
27,ARIZONA,Coconino,2018,365,236,126,3,0,0,0,126,77,45,0,0,351,14,0,
28,ARIZONA,Gila,2018,365,220,122,22,1,0,0,171,87,47,0,0,328,2,35,
29,ARIZONA,La Paz,2018,364,257,104,3,0,0,0,105,71,44,0,0,335,24,5,
30,ARIZONA,Maricopa,2018,365,49,252,57,4,3,0,274,115,71,0,6,178,85,96,
31,ARIZONA,Mohave,2018,363,349,13,1,0,0,0,105,35,18,0,0,0,54,309,
32,ARIZONA,Navajo,2018,363,260,101,2,0,0,0,115,74,44,0,0,353,3,7,
33,ARIZONA,Pima,2018,365,164,190,11,0,0,0,129,84,52,0,0,224,79,62,
34,ARIZONA,Pinal,2018,365,71,243,34,6,3,8,500,108,67,0,0,120,53,192,
35,ARIZONA,Santa Cruz,2018,365,252,111,1,1,0,0,194,63,39,0,0,0,316,49,
36,ARIZONA,Yavapai,2018,365,289,75,1,0,0,0,101,61,44,0,0,362,3,0,
37,ARIZONA,Yuma,2018,365,202,147,15,1,0,0,169,80,49,0,0,178,129,58,
38,ARKANSAS,Arkansas,2018,118,79,39,0,0,0,0,91,59,43,0,0,0,118,0,
39,ARKANSAS,Ashley,2018,121,82,38,1,0,0,0,103,58,39,0,0,0,121,0,
40,ARKANSAS,Clark,2018,361,342,19,0,0,0,0,87,46,31,0,0,361,0,0,
41,ARKANSAS,Craighead,2018,90,54,36,0,0,0,0,75,61,46,0,0,0,90,0,
42,ARKANSAS,Crittenden,2018,365,206,156,3,0,0,0,115,61,47,0,2,87,276,0,
43,ARKANSAS,Garland,2018,121,77,44,0,0,0,0,88,59,42,0,0,0,121,0,
44,ARKANSAS,Jackson,2018,122,82,40,0,0,0,0,74,58,41,0,0,0,122,0,
45,ARKANSAS,Newton,2018,364,326,38,0,0,0,0,84,51,36,0,0,331,33,0,
46,ARKANSAS,Polk,2018,363,293,70,0,0,0,0,93,57,40,0,0,287,76,0,
47,ARKANSAS,Pulaski,2018,365,164,199,2,0,0,0,122,66,52,0,1,86,278,0,
48,ARKANSAS,Union,2018,365,189,173,3,0,0,0,122,63,49,0,0,0,365,0,
49,ARKANSAS,Washington,2018,365,196,169,0,0,0,0,87,67,48,0,0,108,257,0,
50,CALIFORNIA,Alameda,2018,365,77,271,5,9,3,0,248,79,57,0,1,22,342,0,
51,CALIFORNIA,Amador,2018,364,288,70,6,0,0,0,129,71,40,0,0,364,0,0,
52,CALIFORNIA,Butte,2018,365,97,228,22,10,3,5,500,104,59,0,0,148,216,1,
53,CALIFORNIA,Calaveras,2018,364,52,292,14,6,0,0,160,87,58,0,0,71,293,0,
54,CALIFORNIA,Colusa,2018,365,206,131,10,17,1,0,299,84,46,0,0,138,210,17,
55,CALIFORNIA,Contra Costa,2018,365,111,236,7,8,3,0,270,74,55,0,0,45,320,0,
56,CALIFORNIA,Del Norte,2018,180,134,46,0,0,0,0,80,58,33,0,0,0,180,0,
57,CALIFORNIA,El Dorado,2018,365,221,107,27,9,1,0,203,101,45,0,0,347,9,9,
58,CALIFORNIA,Fresno,2018,365,61,206,79,19,0,0,185,133,75,0,0,210,151,4,
59,CALIFORNIA,Glenn,2018,363,242,105,9,6,1,0,255,71,39,0,0,130,185,48,
60,CALIFORNIA,Humboldt,2018,365,301,58,5,1,0,0,167,58,35,0,2,231,117,15,
61,CALIFORNIA,Imperial,2018,365,67,248,41,7,2,0,286,108,64,0,4,103,164,94,
62,CALIFORNIA,Inyo,2018,365,192,136,26,7,2,2,500,101,49,0,0,291,44,30,
63,CALIFORNIA,Kern,2018,365,45,190,103,27,0,0,190,142,84,0,0,226,126,13,
64,CALIFORNIA,Kings,2018,365,68,239,49,9,0,0,190,114,70,0,0,161,160,44,
65,CALIFORNIA,Lake,2018,357,344,10,1,1,1,0,233,43,33,0,0,343,12,2,
66,CALIFORNIA,Los Angeles,2018,365,7,250,89,18,1,0,201,130,78,0,22,153,189,1,
67,CALIFORNIA,Madera,2018,365,122,208,30,5,0,0,169,100,58,0,0,181,160,24,
68,CALIFORNIA,Marin,2018,365,235,117,3,9,1,0,243,63,43,0,11,85,269,0,
69,CALIFORNIA,Mariposa,2018,365,156,169,10,13,15,2,352,108,53,0,0,226,139,0,
70,CALIFORNIA,Mendocino,2018,364,217,126,13,6,1,1,376,69,46,0,0,81,282,1,
71,CALIFORNIA,Merced,2018,365,110,214,32,9,0,0,178,101,56,0,1,139,224,1,
72,CALIFORNIA,Mono,2018,365,252,84,14,10,3,2,500,85,27,0,0,0,234,131,
73,CALIFORNIA,Monterey,2018,365,258,100,5,2,0,0,157,57,42,0,0,149,189,27,
74,CALIFORNIA,Napa,2018,364,210,142,4,8,0,0,195,65,46,1,1,99,262,1,
75,CALIFORNIA,Nevada,2018,363,231,104,19,7,2,0,218,87,45,0,0,311,52,0,
76,CALIFORNIA,Orange,2018,365,114,233,15,3,0,0,160,86,54,0,17,114,231,3,
77,CALIFORNIA,Placer,2018,365,213,127,16,7,2,0,248,84,46,0,12,176,174,3,
78,CALIFORNIA,Plumas,2018,350,186,154,8,2,0,0,162,85,47,0,0,0,350,0,
79,CALIFORNIA,Riverside,2018,365,32,193,102,32,6,0,296,153,87,0,1,210,117,37,
80,CALIFORNIA,Sacramento,2018,365,104,226,22,6,5,2,376,100,58,0,1,131,229,4,
81,CALIFORNIA,San Benito,2018,365,270,84,11,0,0,0,143,63,42,0,0,286,78,1,
82,CALIFORNIA,San Bernardino,2018,365,14,197,96,51,7,0,221,164,89,0,5,197,159,4,
83,CALIFORNIA,San Diego,2018,365,28,302,35,0,0,0,143,100,67,0,0,162,203,0,
84,CALIFORNIA,San Francisco,2018,365,222,129,2,10,2,0,252,66,44,1,23,86,254,1,
85,CALIFORNIA,San Joaquin,2018,365,91,241,20,8,4,1,365,99,59,0,0,85,276,4,
86,CALIFORNIA,San Luis Obispo,2018,365,147,209,9,0,0,0,133,77,53,0,0,172,168,25,
87,CALIFORNIA,San Mateo,2018,365,236,116,3,10,0,0,197,61,42,0,13,90,262,0,
88,CALIFORNIA,Santa Barbara,2018,365,173,190,2,0,0,0,114,67,51,0,0,167,188,10,
89,CALIFORNIA,Santa Clara,2018,365,154,194,6,9,2,0,214,72,53,0,2,94,269,0,
90,CALIFORNIA,Santa Cruz,2018,365,273,82,5,5,0,0,177,56,41,0,0,136,229,0,
91,CALIFORNIA,Shasta,2018,365,272,72,15,5,1,0,206,84,43,0,0,341,23,1,
92,CALIFORNIA,Siskiyou,2018,365,247,78,16,21,3,0,219,119,42,0,0,214,151,0,
93,CALIFORNIA,Solano,2018,365,184,166,3,11,1,0,272,69,50,0,1,120,244,0,
94,CALIFORNIA,Sonoma,2018,365,304,48,3,8,2,0,250,57,39,0,2,232,130,1,
95,CALIFORNIA,Stanislaus,2018,365,109,209,32,11,4,0,265,108,59,0,1,153,206,5,
96,CALIFORNIA,Sutter,2018,365,94,236,22,6,6,1,420,100,58,0,0,101,263,1,
97,CALIFORNIA,Tehama,2018,365,208,128,16,12,1,0,206,96,48,0,0,224,141,0,
98,CALIFORNIA,Trinity,2018,291,117,155,12,5,2,0,209,82,54,0,0,0,291,0,
99,CALIFORNIA,Tulare,2018,365,50,194,95,26,0,0,180,140,79,0,0,207,152,6,
100,CALIFORNIA,Tuolumne,2018,348,254,73,20,1,0,0,154,80,43,0,0,348,0,0,
101,CALIFORNIA,Ventura,2018,365,94,254,16,1,0,0,166,88,57,0,0,116,238,11,
102,CALIFORNIA,Yolo,2018,365,216,135,5,7,2,0,260,71,45,0,0,198,167,0,
103,COLORADO,Adams,2018,365,138,224,3,0,0,0,130,74,54,0,32,120,176,37,
104,COLORADO,Alamosa,2018,360,348,11,0,0,1,0,235,37,19,0,0,0,50,310,
105,COLORADO,Arapahoe,2018,365,227,123,14,1,0,0,156,87,46,0,0,350,15,0,
106,COLORADO,Archuleta,2018,365,333,32,0,0,0,0,97,50,38,0,0,331,0,34,
107,COLORADO,Boulder,2018,362,198,135,28,1,0,0,159,96,49,0,0,265,97,0,
108,COLORADO,Chaffee,2018,164,67,91,5,1,0,0,161,87,58,0,0,164,0,0,
109,COLORADO,Clear Creek,2018,291,145,118,25,3,0,0,164,100,51,0,0,291,0,0,
110,COLORADO,Delta,2018,297,264,33,0,0,0,0,85,52,36,0,1,199,58,39,
111,COLORADO,Denver,2018,365,124,231,10,0,0,0,150,80,54,0,98,119,148,0,
112,COLORADO,Douglas,2018,364,194,143,24,3,0,0,156,97,49,0,0,283,81,0,
113,COLORADO,El Paso,2018,365,217,140,8,0,0,0,119,84,47,0,0,301,64,0,
114,COLORADO,Fremont,2018,20,20,0,0,0,0,0,36,20,15,0,0,0,0,20,
115,COLORADO,Garfield,2018,365,214,135,15,1,0,0,151,87,48,0,0,357,7,1,
116,COLORADO,Grand,2018,166,110,54,1,1,0,0,151,67,47,0,0,166,0,0,
117,COLORADO,Gunnison,2018,365,235,125,4,1,0,0,156,77,47,0,0,354,0,11,
118,COLORADO,Jackson,2018,116,113,3,0,0,0,0,64,27,9,0,0,0,116,0,
119,COLORADO,Jefferson,2018,365,229,99,35,2,0,0,151,101,46,0,0,365,0,0,
120,COLORADO,La Plata,2018,365,236,109,10,7,3,0,243,80,45,0,0,305,57,3,
121,COLORADO,Larimer,2018,365,160,177,25,3,0,0,169,97,53,0,0,287,78,0,
122,COLORADO,Mesa,2018,365,193,167,5,0,0,0,150,80,49,1,0,274,89,1,
123,COLORADO,Moffat,2018,331,262,68,1,0,0,0,108,61,42,0,0,331,0,0,
124,COLORADO,Montezuma,2018,359,259,96,4,0,0,0,115,71,44,0,0,356,3,0,
125,COLORADO,Montrose,2018,326,257,68,1,0,0,0,122,64,42,0,0,326,0,0,
126,COLORADO,Park,2018,324,161,145,17,1,0,0,174,90,51,0,0,323,1,0,
127,COLORADO,Pitkin,2018,123,120,3,0,0,0,0,53,33,15,0,0,0,43,80,
128,COLORADO,Prowers,2018,359,353,5,1,0,0,0,103,31,16,0,0,0,0,359,
129,COLORADO,Pueblo,2018,123,108,14,1,0,0,0,101,51,29,0,0,0,105,18,
130,COLORADO,Rio Blanco,2018,365,215,148,2,0,0,0,108,71,47,0,0,238,127,0,
131,COLORADO,Routt,2018,355,354,1,0,0,0,0,51,30,15,0,0,0,0,355,
132,COLORADO,San Juan,2018,118,109,9,0,0,0,0,100,33,10,0,0,0,118,0,
133,COLORADO,San Miguel,2018,238,160,76,2,0,0,0,101,71,46,0,0,181,0,57,
134,COLORADO,Teller,2018,160,63,85,12,0,0,0,133,97,58,0,0,160,0,0,
135,COLORADO,Weld,2018,365,138,217,10,0,0,0,133,87,54,0,0,208,157,0,
136,CONNECTICUT,Fairfield,2018,365,218,126,14,7,0,0,185,80,46,0,11,157,197,0,
137,CONNECTICUT,Hartford,2018,365,240,123,2,0,0,0,143,64,42,0,11,130,224,0,
138,CONNECTICUT,Litchfield,2018,363,308,51,4,0,0,0,133,57,36,1,0,299,63,0,
139,CONNECTICUT,Middlesex,2018,208,168,32,8,0,0,0,126,67,40,0,0,208,0,0,
140,CONNECTICUT,New Haven,2018,365,220,131,12,2,0,0,156,71,44,0,7,143,215,0,
141,CONNECTICUT,New London,2018,315,260,49,6,0,0,0,140,56,39,0,0,167,148,0,
142,CONNECTICUT,Tolland,2018,213,189,20,4,0,0,0,140,54,38,0,0,213,0,0,
143,CONNECTICUT,Windham,2018,358,332,20,6,0,0,0,129,47,34,0,0,358,0,0,
144,COUNTRY OF MEXICO,Baja California Norte,2018,152,11,102,28,10,0,1,487,139,76,0,0,0,99,53,
145,COUNTRY OF MEXICO,Sonora,2018,362,317,42,3,0,0,0,119,51,38,0,0,362,0,0,
146,DELAWARE,Kent,2018,365,267,96,2,0,0,0,133,59,42,0,0,214,151,0,
147,DELAWARE,New Castle,2018,365,212,147,6,0,0,0,150,71,48,0,2,149,214,0,
148,DELAWARE,Sussex,2018,365,256,105,4,0,0,0,140,61,42,0,0,236,129,0,
149,DISTRICT OF COLUMBIA,District Of Columbia,2018,365,167,192,5,1,0,0,164,74,52,0,5,114,246,0,
150,FLORIDA,Alachua,2018,364,317,47,0,0,0,0,90,52,37,0,0,205,159,0,
151,FLORIDA,Baker,2018,360,341,19,0,0,0,0,87,46,31,0,0,360,0,0,
152,FLORIDA,Bay,2018,323,209,113,1,0,0,0,126,58,44,0,0,90,233,0,
153,FLORIDA,Brevard,2018,365,288,76,1,0,0,0,129,55,41,0,0,167,198,0,
154,FLORIDA,Broward,2018,365,191,174,0,0,0,0,100,61,49,0,4,63,298,0,
155,FLORIDA,Citrus,2018,350,247,103,0,0,0,0,73,56,43,0,0,0,350,0,
156,FLORIDA,Collier,2018,365,262,103,0,0,0,0,80,58,42,0,0,118,247,0,
157,FLORIDA,Columbia,2018,359,267,91,1,0,0,0,111,58,41,0,0,131,228,0,
158,FLORIDA,Duval,2018,365,177,183,4,1,0,0,156,65,51,0,0,55,299,11,
159,FLORIDA,Escambia,2018,365,306,59,0,0,0,0,93,54,38,0,0,314,51,0,
160,FLORIDA,Flagler,2018,345,330,15,0,0,0,0,77,47,32,0,0,345,0,0,
161,FLORIDA,Hamilton,2018,307,205,102,0,0,0,0,69,56,43,0,0,0,307,0,
162,FLORIDA,Highlands,2018,351,337,13,1,0,0,0,108,47,31,0,0,351,0,0,
163,FLORIDA,Hillsborough,2018,365,168,193,4,0,0,0,122,63,51,0,0,67,298,0,
164,FLORIDA,Holmes,2018,346,236,110,0,0,0,0,81,58,43,0,0,79,267,0,
165,FLORIDA,Indian River,2018,356,325,30,1,0,0,0,101,49,36,0,0,356,0,0,
166,FLORIDA,Lake,2018,363,331,31,1,0,0,0,101,49,33,0,0,363,0,0,
167,FLORIDA,Lee,2018,365,294,70,1,0,0,0,106,57,38,0,0,212,153,0,
168,FLORIDA,Leon,2018,355,217,138,0,0,0,0,97,61,46,0,0,58,297,0,
169,FLORIDA,Liberty,2018,284,273,11,0,0,0,0,71,47,31,0,0,284,0,0,
170,FLORIDA,Manatee,2018,365,330,33,2,0,0,0,119,50,34,0,0,365,0,0,
171,FLORIDA,Marion,2018,365,273,92,0,0,0,0,90,56,42,0,0,86,279,0,
172,FLORIDA,Martin,2018,365,285,79,1,0,0,0,112,55,42,0,0,109,256,0,
173,FLORIDA,Miami-Dade,2018,365,194,167,4,0,0,0,126,61,49,0,8,49,307,1,
174,FLORIDA,Nassau,2018,271,192,79,0,0,0,0,86,56,43,0,0,0,271,0,
175,FLORIDA,Okaloosa,2018,353,325,28,0,0,0,0,80,49,33,0,0,345,0,8,
176,FLORIDA,Orange,2018,365,286,77,1,1,0,0,151,55,40,0,0,191,174,0,
177,FLORIDA,Osceola,2018,365,330,33,2,0,0,0,126,50,33,0,0,365,0,0,
178,FLORIDA,Palm Beach,2018,365,260,105,0,0,0,0,91,58,42,0,0,152,202,11,
179,FLORIDA,Pasco,2018,365,324,39,2,0,0,0,129,54,35,0,0,365,0,0,
180,FLORIDA,Pinellas,2018,365,245,120,0,0,0,0,100,59,46,0,0,103,260,2,
181,FLORIDA,Polk,2018,365,290,73,2,0,0,0,112,56,39,0,0,152,213,0,
182,FLORIDA,Putnam,2018,302,301,1,0,0,0,0,51,23,14,0,0,0,0,302,
183,FLORIDA,Santa Rosa,2018,363,240,123,0,0,0,0,90,58,43,0,0,109,254,0,
184,FLORIDA,Sarasota,2018,365,239,126,0,0,0,0,97,60,45,0,0,102,263,0,
185,FLORIDA,Seminole,2018,365,309,54,2,0,0,0,150,58,39,0,0,191,174,0,
186,FLORIDA,St. Lucie,2018,360,342,18,0,0,0,0,100,47,33,0,0,360,0,0,
187,FLORIDA,Volusia,2018,365,291,74,0,0,0,0,80,55,41,0,0,143,222,0,
188,FLORIDA,Wakulla,2018,353,266,87,0,0,0,0,98,58,41,3,0,109,241,0,
189,GEORGIA,Bibb,2018,362,250,111,1,0,0,0,106,60,42,0,0,84,278,0,
190,GEORGIA,Charlton,2018,114,105,9,0,0,0,0,65,46,26,0,0,0,114,0,
191,GEORGIA,Chatham,2018,363,232,131,0,0,0,0,77,58,44,0,0,55,308,0,
192,GEORGIA,Chattooga,2018,245,224,21,0,0,0,0,87,50,35,0,0,245,0,0,
193,GEORGIA,Clarke,2018,332,207,123,2,0,0,0,105,61,46,0,0,93,239,0,
194,GEORGIA,Clayton,2018,120,72,48,0,0,0,0,71,59,44,0,0,0,120,0,
195,GEORGIA,Cobb,2018,286,213,73,0,0,0,0,100,61,41,0,0,203,83,0,
196,GEORGIA,Coffee,2018,116,106,10,0,0,0,0,69,49,29,0,0,0,116,0,
197,GEORGIA,Columbia,2018,245,223,22,0,0,0,0,90,50,36,0,0,245,0,0,
198,GEORGIA,Dawson,2018,245,222,21,2,0,0,0,108,50,35,0,0,245,0,0,
199,GEORGIA,Dekalb,2018,365,195,170,0,0,0,0,100,63,49,0,21,76,268,0,
200,GEORGIA,Dougherty,2018,357,227,129,1,0,0,0,137,62,39,0,0,0,357,0,
201,GEORGIA,Douglas,2018,242,214,28,0,0,0,0,93,51,37,0,0,242,0,0,
202,GEORGIA,Floyd,2018,333,151,182,0,0,0,0,82,64,52,0,0,0,333,0,
203,GEORGIA,Fulton,2018,365,153,208,4,0,0,0,133,68,52,1,22,70,272,0,
204,GEORGIA,Glynn,2018,272,247,25,0,0,0,0,74,49,35,0,0,202,70,0,
205,GEORGIA,Gwinnett,2018,361,160,201,0,0,0,0,87,66,52,0,0,66,295,0,
206,GEORGIA,Hall,2018,322,220,102,0,0,0,0,72,58,41,0,0,0,322,0,
207,GEORGIA,Henry,2018,354,246,105,3,0,0,0,115,60,38,0,0,134,220,0,
208,GEORGIA,Houston,2018,322,196,124,2,0,0,0,108,63,46,0,0,0,322,0,
209,GEORGIA,Lowndes,2018,315,167,148,0,0,0,0,94,59,49,0,0,0,315,0,
210,GEORGIA,Murray,2018,271,232,39,0,0,0,0,100,54,37,0,0,205,66,0,
211,GEORGIA,Muscogee,2018,364,257,107,0,0,0,0,98,59,39,0,0,105,259,0,
212,GEORGIA,Pike,2018,288,274,13,1,0,0,0,115,46,33,0,0,288,0,0,
213,GEORGIA,Richmond,2018,364,200,160,4,0,0,0,150,63,47,0,0,54,300,10,
214,GEORGIA,Rockdale,2018,243,200,41,2,0,0,0,112,61,36,0,0,243,0,0,
215,GEORGIA,Sumter,2018,241,219,22,0,0,0,0,80,50,34,0,0,241,0,0,
216,GEORGIA,Walker,2018,347,196,151,0,0,0,0,75,61,47,0,0,0,347,0,
217,GEORGIA,Washington,2018,121,96,25,0,0,0,0,70,56,37,0,0,0,121,0,
218,HAWAII,Hawaii,2018,365,140,211,12,2,0,0,153,89,55,0,0,0,365,0,
219,HAWAII,Honolulu,2018,365,353,12,0,0,0,0,73,43,31,1,0,200,162,2,
220,HAWAII,Kauai,2018,355,350,5,0,0,0,0,56,34,18,0,147,0,208,0,
221,HAWAII,Maui,2018,361,347,14,0,0,0,0,76,39,25,0,0,0,361,0,
222,IDAHO,Ada,2018,365,266,92,7,0,0,0,134,72,42,2,0,226,135,2,
223,IDAHO,Bannock,2018,365,298,63,2,2,0,0,174,60,29,0,0,0,310,55,
224,IDAHO,Benewah,2018,361,156,192,11,2,0,0,164,80,53,0,0,0,361,0,
225,IDAHO,Blaine,2018,363,313,47,3,0,0,0,143,55,17,0,0,0,363,0,
226,IDAHO,Boise,2018,365,169,190,6,0,0,0,130,70,52,0,0,0,365,0,
227,IDAHO,Bonner,2018,363,258,89,11,4,1,0,270,64,39,0,0,0,332,31,
228,IDAHO,Bonneville,2018,352,268,81,2,1,0,0,154,61,36,0,0,0,352,0,
229,IDAHO,Butte,2018,363,311,49,3,0,0,0,115,54,41,0,0,352,11,0,
230,IDAHO,Canyon,2018,365,254,106,5,0,0,0,134,69,35,0,0,0,324,41,
231,IDAHO,Custer,2018,90,85,3,2,0,0,0,128,26,7,0,0,0,90,0,
232,IDAHO,Franklin,2018,319,249,67,3,0,0,0,124,61,25,0,0,0,319,0,
233,IDAHO,Idaho,2018,365,248,115,2,0,0,0,134,64,43,0,0,156,209,0,
234,IDAHO,Jerome,2018,320,270,45,5,0,0,0,145,57,24,0,0,0,320,0,
235,IDAHO,Kootenai,2018,331,240,81,5,4,1,0,229,65,33,0,0,0,331,0,
236,IDAHO,Latah,2018,365,327,32,5,1,0,0,184,52,14,0,0,0,365,0,
237,IDAHO,Lemhi,2018,360,225,132,3,0,0,0,121,74,38,0,0,0,360,0,
238,IDAHO,Nez Perce,2018,365,273,87,4,1,0,0,188,67,25,0,0,0,365,0,
239,IDAHO,Shoshone,2018,365,157,195,12,1,0,0,153,85,53,0,0,0,361,4,
240,IDAHO,Twin Falls,2018,355,271,79,3,2,0,0,151,60,39,0,0,0,355,0,
241,IDAHO,Valley,2018,353,254,97,2,0,0,0,108,62,29,0,0,0,353,0,
242,ILLINOIS,Adams,2018,245,228,17,0,0,0,0,87,49,35,0,0,245,0,0,
243,ILLINOIS,Champaign,2018,365,209,152,4,0,0,0,112,65,47,0,0,148,217,0,
244,ILLINOIS,Clark,2018,359,337,21,1,0,0,0,101,48,32,0,0,359,0,0,
245,ILLINOIS,Cook,2018,365,86,260,15,4,0,0,177,86,59,0,25,91,244,5,
246,ILLINOIS,Dupage,2018,361,136,221,4,0,0,0,112,72,53,0,0,89,272,0,
247,ILLINOIS,Effingham,2018,245,214,30,1,0,0,0,112,51,39,0,0,245,0,0,
248,ILLINOIS,Hamilton,2018,362,212,147,3,0,0,0,105,63,47,0,0,111,251,0,
249,ILLINOIS,Jersey,2018,356,208,145,3,0,0,0,122,66,47,0,0,131,225,0,
250,ILLINOIS,Jo Daviess,2018,344,323,19,2,0,0,0,119,47,33,0,0,344,0,0,
251,ILLINOIS,Kane,2018,364,275,84,5,0,0,0,122,63,39,0,0,287,77,0,
252,ILLINOIS,Lake,2018,352,304,40,6,2,0,0,164,58,35,0,0,352,0,0,
253,ILLINOIS,Macon,2018,365,162,200,3,0,0,0,126,67,52,0,0,86,279,0,
254,ILLINOIS,Macoupin,2018,333,300,30,3,0,0,0,115,50,36,0,89,244,0,0,
255,ILLINOIS,Madison,2018,365,159,196,8,2,0,0,154,74,53,0,0,166,195,4,
256,ILLINOIS,Mchenry,2018,362,213,141,8,0,0,0,122,71,46,0,0,185,177,0,
257,ILLINOIS,Mclean,2018,365,169,195,1,0,0,0,108,67,52,0,0,99,266,0,
258,ILLINOIS,Peoria,2018,365,189,173,3,0,0,0,101,67,49,0,0,121,244,0,
259,ILLINOIS,Randolph,2018,363,225,137,1,0,0,0,129,61,46,0,0,150,213,0,
260,ILLINOIS,Rock Island,2018,365,212,152,1,0,0,0,101,63,46,0,0,161,204,0,
261,ILLINOIS,Saint Clair,2018,364,152,207,4,1,0,0,174,64,52,2,17,101,244,0,
262,ILLINOIS,Sangamon,2018,363,189,173,1,0,0,0,122,66,49,0,0,107,256,0,
263,ILLINOIS,Will,2018,365,194,167,4,0,0,0,126,70,49,0,0,160,205,0,
264,ILLINOIS,Winnebago,2018,362,310,49,2,1,0,0,151,54,36,0,0,335,27,0,
265,INDIANA,Allen,2018,365,193,166,6,0,0,0,122,68,50,0,0,162,203,0,
266,INDIANA,Bartholomew,2018,365,242,119,4,0,0,0,108,63,44,0,0,184,181,0,
267,INDIANA,Boone,2018,365,324,36,5,0,0,0,112,54,34,0,0,365,0,0,
268,INDIANA,Brown,2018,363,339,24,0,0,0,0,97,48,33,0,0,363,0,0,
269,INDIANA,Carroll,2018,359,337,19,3,0,0,0,115,48,32,0,0,359,0,0,
270,INDIANA,Clark,2018,357,276,77,4,0,0,0,122,61,37,0,0,282,75,0,
271,INDIANA,Delaware,2018,361,301,56,4,0,0,0,129,58,36,0,0,294,67,0,
272,INDIANA,Dubois,2018,119,71,48,0,0,0,0,89,62,42,0,0,0,116,3,
273,INDIANA,Elkhart,2018,363,228,132,3,0,0,0,105,62,44,0,0,139,224,0,
274,INDIANA,Floyd,2018,346,295,46,5,0,0,0,143,55,35,0,0,319,27,0,
275,INDIANA,Greene,2018,361,294,64,3,0,0,0,129,59,38,0,0,300,61,0,
276,INDIANA,Hamilton,2018,365,229,130,6,0,0,0,129,63,45,0,0,165,200,0,
277,INDIANA,Hendricks,2018,365,335,28,2,0,0,0,108,48,33,0,0,365,0,0,
278,INDIANA,Henry,2018,116,80,35,1,0,0,0,111,60,41,0,0,0,116,0,
279,INDIANA,Howard,2018,365,234,126,5,0,0,0,108,61,44,0,0,145,220,0,
280,INDIANA,Huntington,2018,358,337,21,0,0,0,0,97,46,31,0,0,358,0,0,
281,INDIANA,Jackson,2018,341,321,20,0,0,0,0,90,47,32,0,0,341,0,0,
282,INDIANA,Knox,2018,357,311,42,4,0,0,0,122,54,35,0,0,357,0,0,
283,INDIANA,Laporte,2018,363,288,68,6,1,0,0,161,61,37,0,0,316,47,0,
284,INDIANA,Lake,2018,365,139,220,5,1,0,0,151,69,54,0,3,67,292,3,
285,INDIANA,Madison,2018,365,199,159,7,0,0,0,136,63,48,0,0,125,240,0,
286,INDIANA,Marion,2018,365,105,249,10,1,0,0,158,73,55,0,0,81,284,0,
287,INDIANA,Monroe,2018,335,182,153,0,0,0,0,98,63,48,0,0,0,335,0,
288,INDIANA,Morgan,2018,364,337,27,0,0,0,0,100,47,33,0,0,364,0,0,
289,INDIANA,Perry,2018,350,324,26,0,0,0,0,80,50,35,0,0,350,0,0,
290,INDIANA,Porter,2018,365,214,146,4,1,0,0,164,64,47,0,0,160,190,15,
291,INDIANA,Posey,2018,360,326,34,0,0,0,0,100,50,34,0,0,360,0,0,
292,INDIANA,Shelby,2018,361,331,25,5,0,0,0,112,49,34,0,0,361,0,0,
293,INDIANA,Spencer,2018,121,72,49,0,0,0,0,87,61,41,0,0,0,121,0,
294,INDIANA,St. Joseph,2018,365,173,185,7,0,0,0,133,67,51,0,1,123,241,0,
295,INDIANA,Sullivan,2018,181,108,73,0,0,0,0,92,62,43,0,0,0,181,0,
296,INDIANA,Tippecanoe,2018,345,207,138,0,0,0,0,80,59,46,0,0,0,345,0,
297,INDIANA,Vanderburgh,2018,365,200,162,3,0,0,0,143,64,48,0,0,122,243,0,
298,INDIANA,Vigo,2018,365,188,174,3,0,0,0,115,67,50,0,0,132,233,0,
299,INDIANA,Wabash,2018,362,315,42,5,0,0,0,129,54,35,0,0,362,0,0,
300,INDIANA,Warrick,2018,365,324,38,3,0,0,0,126,51,35,0,0,365,0,0,
301,INDIANA,Whitley,2018,348,235,113,0,0,0,0,84,59,41,0,0,0,348,0,
302,IOWA,Black Hawk,2018,365,140,225,0,0,0,0,84,66,53,0,0,0,365,0,
303,IOWA,Bremer,2018,245,224,19,2,0,0,0,112,50,37,0,0,245,0,0,
304,IOWA,Cerro Gordo,2018,115,115,0,0,0,0,0,46,31,16,0,0,0,0,115,
305,IOWA,Clinton,2018,365,168,197,0,0,0,0,100,68,52,0,0,88,277,0,
306,IOWA,Harrison,2018,245,213,30,2,0,0,0,101,58,39,0,0,245,0,0,
307,IOWA,Johnson,2018,362,186,176,0,0,0,0,93,61,50,0,0,0,362,0,
308,IOWA,Lee,2018,121,70,51,0,0,0,0,78,61,45,0,0,0,121,0,
309,IOWA,Linn,2018,365,185,176,4,0,0,0,129,67,50,0,0,96,269,0,
310,IOWA,Montgomery,2018,365,219,146,0,0,0,0,93,63,46,0,0,92,273,0,
311,IOWA,Muscatine,2018,365,154,211,0,0,0,0,95,66,52,0,0,0,365,0,
312,IOWA,Palo Alto,2018,365,188,175,2,0,0,0,115,66,49,0,0,104,261,0,
313,IOWA,Polk,2018,365,225,138,2,0,0,0,112,62,46,0,2,147,216,0,
314,IOWA,Pottawattamie,2018,124,80,43,1,0,0,0,102,61,42,0,0,0,119,5,
315,IOWA,Scott,2018,365,100,261,4,0,0,0,108,72,56,0,0,33,274,58,
316,IOWA,Van Buren,2018,359,230,129,0,0,0,0,100,61,43,0,0,110,248,1,
317,IOWA,Woodbury,2018,122,81,41,0,0,0,0,93,58,44,0,0,0,122,0,
318,KANSAS,Chase,2018,116,96,20,0,0,0,0,67,53,30,0,0,0,116,0,
319,KANSAS,Ford,2018,354,325,28,1,0,0,0,129,41,17,0,0,0,0,354,
320,KANSAS,Johnson,2018,363,277,86,0,0,0,0,92,61,40,0,0,222,141,0,
321,KANSAS,Leavenworth,2018,362,325,37,0,0,0,0,100,51,33,0,0,362,0,0,
322,KANSAS,Neosho,2018,359,285,74,0,0,0,0,87,57,40,0,0,285,68,6,
323,KANSAS,Sedgwick,2018,365,238,127,0,0,0,0,100,64,44,0,10,194,110,51,
324,KANSAS,Shawnee,2018,365,194,171,0,0,0,0,99,67,50,0,0,98,267,0,
325,KANSAS,Sherman,2018,350,344,6,0,0,0,0,91,31,14,0,0,0,0,350,
326,KANSAS,Sumner,2018,365,293,72,0,0,0,0,90,58,38,0,1,282,67,15,
327,KANSAS,Trego,2018,364,287,76,1,0,0,0,130,61,39,0,1,289,73,1,
328,KANSAS,Wyandotte,2018,365,200,162,2,1,0,0,172,71,48,0,8,139,217,1,
329,KENTUCKY,Bell,2018,256,224,32,0,0,0,0,84,52,39,0,0,215,41,0,
330,KENTUCKY,Boone,2018,243,218,23,1,1,0,0,151,51,38,0,0,243,0,0,
331,KENTUCKY,Boyd,2018,364,245,118,1,0,0,0,119,59,44,0,10,113,241,0,
332,KENTUCKY,Bullitt,2018,233,196,35,2,0,0,0,150,58,38,0,0,233,0,0,
333,KENTUCKY,Campbell,2018,350,206,143,1,0,0,0,101,60,45,0,12,83,255,0,
334,KENTUCKY,Carter,2018,281,248,33,0,0,0,0,80,52,35,0,0,195,86,0,
335,KENTUCKY,Christian,2018,280,217,63,0,0,0,0,90,58,41,0,0,193,87,0,
336,KENTUCKY,Daviess,2018,357,206,150,1,0,0,0,112,63,46,0,16,86,255,0,
337,KENTUCKY,Edmonson,2018,365,234,131,0,0,0,0,100,61,43,2,0,109,254,0,
338,KENTUCKY,Fayette,2018,364,202,162,0,0,0,0,87,62,48,0,10,65,288,1,
339,KENTUCKY,Greenup,2018,238,218,19,1,0,0,0,119,50,36,0,0,238,0,0,
340,KENTUCKY,Hancock,2018,125,115,10,0,0,0,0,97,48,38,0,0,125,0,0,
341,KENTUCKY,Hardin,2018,361,191,170,0,0,0,0,100,64,49,0,0,66,295,0,
342,KENTUCKY,Henderson,2018,360,188,170,2,0,0,0,108,66,49,0,0,79,281,0,
343,KENTUCKY,Jefferson,2018,365,125,232,6,2,0,0,166,77,54,0,4,84,277,0,
344,KENTUCKY,Jessamine,2018,237,207,30,0,0,0,0,90,54,39,0,0,237,0,0,
345,KENTUCKY,Livingston,2018,257,226,31,0,0,0,0,97,54,39,0,0,240,0,17,
346,KENTUCKY,Mccracken,2018,364,183,181,0,0,0,0,100,64,50,0,0,68,296,0,
347,KENTUCKY,Morgan,2018,364,337,27,0,0,0,0,80,48,34,0,0,364,0,0,
348,KENTUCKY,Oldham,2018,243,214,28,1,0,0,0,108,54,38,0,0,243,0,0,
349,KENTUCKY,Perry,2018,364,205,159,0,0,0,0,80,61,48,0,0,63,301,0,
350,KENTUCKY,Pike,2018,359,272,87,0,0,0,0,84,57,41,0,0,96,263,0,
351,KENTUCKY,Pulaski,2018,282,224,58,0,0,0,0,74,57,39,0,0,195,87,0,
352,KENTUCKY,Simpson,2018,243,212,31,0,0,0,0,93,51,38,0,0,243,0,0,
353,KENTUCKY,Trigg,2018,348,324,24,0,0,0,0,87,48,35,0,0,348,0,0,
354,KENTUCKY,Warren,2018,352,202,150,0,0,0,0,95,62,48,0,0,39,313,0,
355,KENTUCKY,Washington,2018,359,326,33,0,0,0,0,77,50,35,0,0,359,0,0,
356,LOUISIANA,Ascension,2018,364,325,36,3,0,0,0,122,51,31,0,7,357,0,0,
357,LOUISIANA,Bossier,2018,365,280,85,0,0,0,0,96,63,38,0,0,218,144,3,
358,LOUISIANA,Caddo,2018,361,267,92,2,0,0,0,128,64,39,0,0,270,91,0,
359,LOUISIANA,Calcasieu,2018,365,145,214,6,0,0,0,108,69,53,0,1,41,323,0,
360,LOUISIANA,East Baton Rouge,2018,365,170,184,11,0,0,0,126,71,51,0,1,79,285,0,
361,LOUISIANA,Iberville,2018,365,279,78,7,1,0,0,153,66,38,0,1,297,67,0,
362,LOUISIANA,Jefferson,2018,365,207,157,1,0,0,0,101,67,47,0,1,87,277,0,
363,LOUISIANA,Lafayette,2018,365,210,155,0,0,0,0,97,65,47,0,0,114,251,0,
364,LOUISIANA,Lafourche,2018,362,280,82,0,0,0,0,90,56,39,0,0,207,155,0,
365,LOUISIANA,Livingston,2018,365,212,153,0,0,0,0,100,62,46,0,0,111,254,0,
366,LOUISIANA,Orleans,2018,365,209,156,0,0,0,0,87,63,46,0,22,0,338,5,
367,LOUISIANA,Ouachita,2018,363,323,40,0,0,0,0,100,51,34,0,0,285,78,0,
368,LOUISIANA,Pointe Coupee,2018,356,324,32,0,0,0,0,97,48,31,0,0,356,0,0,
369,LOUISIANA,Rapides,2018,119,84,35,0,0,0,0,92,61,41,0,0,0,119,0,
370,LOUISIANA,St. Bernard,2018,365,188,174,3,0,0,0,112,66,49,0,0,109,255,1,
371,LOUISIANA,St. James,2018,364,350,14,0,0,0,0,93,44,27,0,0,364,0,0,
372,LOUISIANA,St. John The Baptist,2018,359,336,22,1,0,0,0,108,48,31,0,0,359,0,0,
373,LOUISIANA,St. Martin,2018,352,321,31,0,0,0,0,97,50,33,0,0,352,0,0,
374,LOUISIANA,St. Tammany,2018,365,280,84,1,0,0,0,101,61,38,0,0,200,165,0,
375,LOUISIANA,Tangipahoa,2018,125,89,36,0,0,0,0,81,58,37,0,0,0,125,0,
376,LOUISIANA,Terrebonne,2018,119,95,24,0,0,0,0,73,56,36,0,0,0,119,0,
377,LOUISIANA,West Baton Rouge,2018,365,218,144,3,0,0,0,129,66,46,0,3,90,272,0,
378,MAINE,Androscoggin,2018,361,309,52,0,0,0,0,84,54,34,0,0,160,199,2,
379,MAINE,Aroostook,2018,365,262,101,0,1,1,0,216,60,42,0,0,135,230,0,
380,MAINE,Cumberland,2018,365,280,85,0,0,0,0,100,58,41,0,4,183,176,2,
381,MAINE,Hancock,2018,365,331,33,1,0,0,0,122,50,37,0,0,329,36,0,
382,MAINE,Kennebec,2018,360,339,21,0,0,0,0,90,47,30,0,115,210,33,2,
383,MAINE,Knox,2018,219,209,9,1,0,0,0,112,45,36,0,0,219,0,0,
384,MAINE,Oxford,2018,354,290,64,0,0,0,0,98,58,39,0,0,144,210,0,
385,MAINE,Penobscot,2018,365,309,56,0,0,0,0,97,54,37,0,0,155,209,1,
386,MAINE,Washington,2018,339,327,11,1,0,0,0,122,46,36,0,0,324,15,0,
387,MAINE,York,2018,227,207,18,2,0,0,0,119,49,40,0,0,227,0,0,
388,MARYLAND,Anne Arundel,2018,261,193,59,9,0,0,0,140,77,42,0,0,240,0,21,
389,MARYLAND,Baltimore,2018,365,218,142,5,0,0,0,115,69,46,0,11,162,192,0,
390,MARYLAND,Baltimore (City),2018,364,182,174,8,0,0,0,129,74,51,0,14,108,242,0,
391,MARYLAND,Calvert,2018,243,209,33,1,0,0,0,147,58,39,0,0,243,0,0,
392,MARYLAND,Carroll,2018,240,199,41,0,0,0,0,97,61,41,0,0,240,0,0,
393,MARYLAND,Cecil,2018,358,207,144,7,0,0,0,129,63,47,0,0,133,225,0,
394,MARYLAND,Charles,2018,235,202,32,1,0,0,0,133,54,39,0,0,235,0,0,
395,MARYLAND,Dorchester,2018,365,283,80,1,1,0,0,151,61,40,0,0,256,109,0,
396,MARYLAND,Frederick,2018,245,204,41,0,0,0,0,100,61,41,0,0,245,0,0,
397,MARYLAND,Garrett,2018,362,298,64,0,0,0,0,97,56,39,0,0,259,103,0,
398,MARYLAND,Harford,2018,358,247,101,10,0,0,0,150,66,42,0,0,178,180,0,
399,MARYLAND,Howard,2018,365,205,160,0,0,0,0,78,61,47,0,41,0,324,0,
400,MARYLAND,Kent,2018,361,262,96,3,0,0,0,119,62,42,0,0,192,169,0,
401,MARYLAND,Montgomery,2018,347,208,138,1,0,0,0,112,63,46,0,0,158,189,0,
402,MARYLAND,Prince George'S,2018,365,248,109,7,1,0,0,166,71,42,0,2,246,117,0,
403,MARYLAND,Washington,2018,356,253,103,0,0,0,0,93,63,43,0,0,151,205,0,
404,MASSACHUSETTS,Barnstable,2018,360,335,21,4,0,0,0,133,47,36,0,0,344,16,0,
405,MASSACHUSETTS,Berkshire,2018,365,232,132,1,0,0,0,122,63,42,0,0,57,308,0,
406,MASSACHUSETTS,Bristol,2018,365,258,97,10,0,0,0,133,59,44,0,0,217,148,0,
407,MASSACHUSETTS,Dukes,2018,360,323,34,3,0,0,0,108,51,37,0,0,343,17,0,
408,MASSACHUSETTS,Essex,2018,365,263,98,4,0,0,0,115,59,42,0,2,180,183,0,
409,MASSACHUSETTS,Franklin,2018,365,289,76,0,0,0,0,100,57,38,0,0,236,129,0,
410,MASSACHUSETTS,Hampden,2018,365,248,115,2,0,0,0,126,62,41,0,11,179,175,0,
411,MASSACHUSETTS,Hampshire,2018,363,282,79,2,0,0,0,122,58,40,0,4,222,137,0,
412,MASSACHUSETTS,Middlesex,2018,365,308,57,0,0,0,0,97,54,38,0,1,212,152,0,
413,MASSACHUSETTS,Norfolk,2018,353,337,15,1,0,0,0,105,45,32,0,19,334,0,0,
414,MASSACHUSETTS,Plymouth,2018,364,279,82,3,0,0,0,126,56,39,0,0,213,151,0,
415,MASSACHUSETTS,Suffolk,2018,365,119,245,1,0,0,0,108,65,53,0,6,18,341,0,
416,MASSACHUSETTS,Worcester,2018,365,265,96,4,0,0,0,129,61,40,0,4,209,152,0,
417,MICHIGAN,Allegan,2018,286,218,60,8,0,0,0,150,67,40,0,0,213,73,0,
418,MICHIGAN,Bay,2018,356,266,90,0,0,0,0,85,56,37,0,0,0,356,0,
419,MICHIGAN,Benzie,2018,250,218,30,1,1,0,0,154,54,38,0,0,250,0,0,
420,MICHIGAN,Berrien,2018,245,208,29,8,0,0,0,126,61,40,0,0,245,0,0,
421,MICHIGAN,Cass,2018,240,202,31,7,0,0,0,126,64,40,0,0,240,0,0,
422,MICHIGAN,Chippewa,2018,271,167,104,0,0,0,0,73,59,43,0,0,95,176,0,
423,MICHIGAN,Clinton,2018,244,213,27,4,0,0,0,143,64,39,0,0,244,0,0,
424,MICHIGAN,Genesee,2018,362,255,104,3,0,0,0,122,64,43,0,0,179,183,0,
425,MICHIGAN,Huron,2018,241,212,26,3,0,0,0,122,54,38,0,0,241,0,0,
426,MICHIGAN,Ingham,2018,342,231,109,2,0,0,0,147,61,43,0,0,111,231,0,
427,MICHIGAN,Kalamazoo,2018,356,217,135,4,0,0,0,115,65,44,0,0,115,241,0,
428,MICHIGAN,Kent,2018,365,244,117,4,0,0,0,115,64,43,0,0,162,203,0,
429,MICHIGAN,Keweenaw,2018,114,108,6,0,0,0,0,66,37,12,0,0,0,114,0,
430,MICHIGAN,Lenawee,2018,344,246,94,4,0,0,0,115,68,43,0,0,187,157,0,
431,MICHIGAN,Macomb,2018,299,229,60,10,0,0,0,143,71,39,0,0,237,62,0,
432,MICHIGAN,Manistee,2018,265,222,42,1,0,0,0,112,57,34,0,0,189,76,0,
433,MICHIGAN,Mason,2018,252,226,25,1,0,0,0,133,51,37,0,0,252,0,0,
434,MICHIGAN,Missaukee,2018,365,316,49,0,0,0,0,97,54,37,0,2,311,52,0,
435,MICHIGAN,Monroe,2018,61,60,1,0,0,0,0,59,31,13,0,0,0,0,61,
436,MICHIGAN,Muskegon,2018,240,203,31,3,3,0,0,174,67,40,0,0,240,0,0,
437,MICHIGAN,Oakland,2018,278,200,69,8,1,0,0,151,68,41,0,0,209,69,0,
438,MICHIGAN,Ottawa,2018,289,224,61,4,0,0,0,115,64,40,0,0,219,68,2,
439,MICHIGAN,Schoolcraft,2018,351,309,40,2,0,0,0,105,52,33,0,0,229,122,0,
440,MICHIGAN,St. Clair,2018,310,200,103,6,1,0,0,151,64,44,0,0,130,180,0,
441,MICHIGAN,Tuscola,2018,356,324,31,1,0,0,0,105,50,35,0,0,356,0,0,
442,MICHIGAN,Washtenaw,2018,365,238,121,6,0,0,0,150,67,46,0,0,161,204,0,
443,MICHIGAN,Wayne,2018,365,105,253,7,0,0,0,133,78,57,0,1,50,294,20,
444,MICHIGAN,Wexford,2018,356,330,24,2,0,0,0,122,49,35,0,0,356,0,0,
445,MINNESOTA,Anoka,2018,365,223,141,1,0,0,0,115,66,44,0,3,158,204,0,
446,MINNESOTA,Becker,2018,358,301,57,0,0,0,0,100,55,35,0,0,175,183,0,
447,MINNESOTA,Beltrami,2018,352,309,42,1,0,0,0,106,52,31,0,0,0,352,0,
448,MINNESOTA,Carlton,2018,354,319,35,0,0,0,0,94,50,30,0,0,146,208,0,
449,MINNESOTA,Cass,2018,320,268,52,0,0,0,0,100,55,31,0,0,0,320,0,
450,MINNESOTA,Cook,2018,353,330,23,0,0,0,0,69,42,23,0,0,0,353,0,
451,MINNESOTA,Crow Wing,2018,348,292,55,1,0,0,0,107,57,32,0,0,142,206,0,
452,MINNESOTA,Dakota,2018,365,257,108,0,0,0,0,92,59,41,0,32,0,333,0,
453,MINNESOTA,Goodhue,2018,231,206,24,1,0,0,0,133,51,38,0,0,231,0,0,
454,MINNESOTA,Hennepin,2018,365,175,189,1,0,0,0,104,68,51,4,5,38,216,102,
455,MINNESOTA,Lake,2018,365,310,55,0,0,0,0,96,56,34,0,0,149,108,108,
456,MINNESOTA,Lyon,2018,365,308,57,0,0,0,0,86,55,36,0,0,125,240,0,
457,MINNESOTA,Mille Lacs,2018,126,114,12,0,0,0,0,74,49,30,0,0,126,0,0,
458,MINNESOTA,Olmsted,2018,361,222,139,0,0,0,0,98,61,44,0,0,84,277,0,
459,MINNESOTA,Ramsey,2018,365,217,147,1,0,0,0,111,64,44,0,0,0,341,24,
460,MINNESOTA,Saint Louis,2018,365,284,79,2,0,0,0,109,61,39,0,0,223,132,10,
461,MINNESOTA,Scott,2018,357,306,49,2,0,0,0,112,56,37,0,0,279,78,0,
462,MINNESOTA,Stearns,2018,365,283,81,1,0,0,0,101,61,38,0,0,158,207,0,
463,MINNESOTA,Washington,2018,365,158,207,0,0,0,0,100,68,53,0,0,46,270,49,
464,MINNESOTA,Winona,2018,113,96,17,0,0,0,0,80,54,26,0,0,0,113,0,
465,MINNESOTA,Wright,2018,365,271,91,3,0,0,0,122,63,42,0,0,168,197,0,
466,MISSISSIPPI,Bolivar,2018,312,182,128,2,0,0,0,129,67,47,0,0,100,212,0,
467,MISSISSIPPI,Desoto,2018,365,199,163,2,1,0,0,159,63,49,0,0,65,300,0,
468,MISSISSIPPI,Forrest,2018,359,195,163,1,0,0,0,119,62,49,0,0,0,359,0,
469,MISSISSIPPI,Grenada,2018,105,77,28,0,0,0,0,82,55,36,0,0,0,105,0,
470,MISSISSIPPI,Hancock,2018,363,257,105,1,0,0,0,102,59,41,0,0,113,250,0,
471,MISSISSIPPI,Harrison,2018,364,223,138,3,0,0,0,115,63,45,0,0,109,255,0,
472,MISSISSIPPI,Hinds,2018,365,165,199,1,0,0,0,112,71,52,0,0,66,299,0,
473,MISSISSIPPI,Jackson,2018,362,219,141,2,0,0,0,105,62,47,0,0,96,266,0,
474,MISSISSIPPI,Lauderdale,2018,230,200,30,0,0,0,0,87,54,37,0,0,230,0,0,
475,MISSISSIPPI,Lee,2018,243,226,17,0,0,0,0,80,49,36,0,0,243,0,0,
476,MISSISSIPPI,Yalobusha,2018,325,318,7,0,0,0,0,71,44,29,0,0,325,0,0,
477,MISSOURI,Andrew,2018,245,186,58,1,0,0,0,112,74,42,0,0,245,0,0,
478,MISSOURI,Boone,2018,245,208,36,1,0,0,0,105,54,40,0,0,245,0,0,
479,MISSOURI,Buchanan,2018,363,201,162,0,0,0,0,77,60,47,0,0,0,348,15,
480,MISSOURI,Callaway,2018,245,210,35,0,0,0,0,90,58,40,0,0,245,0,0,
481,MISSOURI,Cass,2018,364,266,98,0,0,0,0,97,61,41,0,0,183,181,0,
482,MISSOURI,Cedar,2018,363,236,127,0,0,0,0,84,62,43,0,0,142,221,0,
483,MISSOURI,Clay,2018,363,251,101,11,0,0,0,147,68,42,0,0,192,171,0,
484,MISSOURI,Clinton,2018,245,192,51,2,0,0,0,143,71,42,0,0,245,0,0,
485,MISSOURI,Greene,2018,365,242,123,0,0,0,0,93,59,44,0,0,144,216,5,
486,MISSOURI,Jackson,2018,365,223,142,0,0,0,0,77,59,44,0,22,0,322,21,
487,MISSOURI,Jasper,2018,365,304,61,0,0,0,0,95,54,36,0,0,226,0,139,
488,MISSOURI,Jefferson,2018,351,255,90,6,0,0,0,119,63,42,0,0,151,166,34,
489,MISSOURI,Lincoln,2018,245,209,33,3,0,0,0,143,67,41,0,0,245,0,0,
490,MISSOURI,Monroe,2018,365,336,28,1,0,0,0,105,49,35,0,0,365,0,0,
491,MISSOURI,Perry,2018,245,208,36,1,0,0,0,126,61,39,0,0,245,0,0,
492,MISSOURI,Saint Charles,2018,245,190,47,8,0,0,0,147,71,42,0,0,245,0,0,
493,MISSOURI,Saint Louis,2018,365,178,181,6,0,0,0,119,71,51,0,18,126,221,0,
494,MISSOURI,Sainte Genevieve,2018,245,210,35,0,0,0,0,97,58,40,0,0,245,0,0,
495,MISSOURI,St. Louis City,2018,365,129,226,9,1,0,0,182,73,55,0,5,75,278,7,
496,MISSOURI,Stoddard,2018,117,92,25,0,0,0,0,71,55,32,0,0,0,117,0,
497,MISSOURI,Taney,2018,119,101,18,0,0,0,0,78,55,28,0,0,0,119,0,
498,MONTANA,Cascade,2018,360,303,51,5,1,0,0,166,56,33,0,0,0,360,0,
499,MONTANA,Fergus,2018,365,313,46,5,1,0,0,161,54,40,0,0,306,58,1,
500,MONTANA,Flathead,2018,365,222,127,11,5,0,0,193,70,45,0,0,144,206,15,
501,MONTANA,Gallatin,2018,365,289,70,5,1,0,0,154,57,32,0,4,0,361,0,
502,MONTANA,Lake,2018,118,107,8,3,0,0,0,117,48,11,0,0,0,118,0,
503,MONTANA,Lewis And Clark,2018,365,238,117,7,3,0,0,169,67,46,0,0,207,158,0,
504,MONTANA,Lincoln,2018,365,139,206,8,12,0,0,186,80,55,0,0,0,362,3,
505,MONTANA,Missoula,2018,365,146,215,3,1,0,0,154,80,54,0,0,68,297,0,
506,MONTANA,Phillips,2018,360,309,47,3,1,0,0,160,54,37,0,1,262,97,0,
507,MONTANA,Powder River,2018,362,272,86,4,0,0,0,117,67,41,0,0,231,121,10,
508,MONTANA,Powell,2018,113,104,9,0,0,0,0,93,45,12,0,0,0,113,0,
509,MONTANA,Ravalli,2018,351,280,71,0,0,0,0,90,62,24,0,0,0,351,0,
510,MONTANA,Richland,2018,364,298,65,1,0,0,0,139,58,41,0,0,287,77,0,
511,MONTANA,Roosevelt,2018,105,93,10,2,0,0,0,134,52,17,0,0,0,105,0,
512,MONTANA,Rosebud,2018,365,302,61,2,0,0,0,133,57,38,0,0,266,77,22,
513,MONTANA,Sanders,2018,365,256,95,14,0,0,0,148,73,37,0,0,0,353,12,
514,MONTANA,Sheridan,2018,112,99,12,1,0,0,0,118,52,20,0,0,0,112,0,
515,MONTANA,Silver Bow,2018,363,284,78,1,0,0,0,120,61,25,0,0,0,242,121,
516,MONTANA,Yellowstone,2018,345,251,91,2,1,0,0,155,60,37,0,0,0,345,0,
517,NEBRASKA,Cass,2018,337,332,5,0,0,0,0,57,31,15,0,0,0,0,337,
518,NEBRASKA,Douglas,2018,365,198,163,4,0,0,0,108,67,47,0,0,155,199,11,
519,NEBRASKA,Hall,2018,111,92,19,0,0,0,0,72,54,30,0,0,0,111,0,
520,NEBRASKA,Knox,2018,357,329,28,0,0,0,0,93,48,34,0,0,357,0,0,
521,NEBRASKA,Lancaster,2018,289,239,50,0,0,0,0,80,55,36,0,0,217,72,0,
522,NEBRASKA,Sarpy,2018,349,205,144,0,0,0,0,94,61,46,0,0,0,349,0,
523,NEBRASKA,Scotts Bluff,2018,116,91,25,0,0,0,0,74,54,29,0,0,0,116,0,
524,NEBRASKA,Thomas,2018,114,104,10,0,0,0,0,79,47,21,0,0,0,114,0,
525,NEBRASKA,Washington,2018,116,86,30,0,0,0,0,95,58,39,0,0,0,116,0,
526,NEVADA,Carson City,2018,365,243,114,5,3,0,0,163,64,46,0,0,284,81,0,
527,NEVADA,Churchill,2018,332,256,71,5,0,0,0,129,67,44,0,0,332,0,0,
528,NEVADA,Clark,2018,365,104,212,48,1,0,0,155,108,63,0,34,216,103,12,
529,NEVADA,Douglas,2018,362,291,61,6,2,2,0,229,60,21,0,0,0,362,0,
530,NEVADA,Elko,2018,346,296,46,4,0,0,0,126,61,19,0,0,77,24,245,
531,NEVADA,Lyon,2018,362,304,50,8,0,0,0,133,58,40,0,0,362,0,0,
532,NEVADA,Nye,2018,365,350,15,0,0,0,0,99,32,18,0,0,0,0,365,
533,NEVADA,Washoe,2018,365,177,169,19,0,0,0,146,80,51,0,2,240,107,16,
534,NEVADA,White Pine,2018,355,259,90,6,0,0,0,108,71,44,0,0,348,7,0,
535,NEW HAMPSHIRE,Belknap,2018,283,257,26,0,0,0,0,80,49,33,0,0,200,83,0,
536,NEW HAMPSHIRE,Cheshire,2018,365,300,65,0,0,0,0,86,55,36,0,0,224,141,0,
537,NEW HAMPSHIRE,Coos,2018,271,222,46,3,0,0,0,115,64,44,0,0,224,47,0,
538,NEW HAMPSHIRE,Grafton,2018,365,294,71,0,0,0,0,90,55,39,0,0,184,181,0,
539,NEW HAMPSHIRE,Hillsborough,2018,365,327,38,0,0,0,0,97,51,37,1,0,335,29,0,
540,NEW HAMPSHIRE,Merrimack,2018,213,203,10,0,0,0,0,87,47,38,0,0,213,0,0,
541,NEW HAMPSHIRE,Rockingham,2018,365,309,53,3,0,0,0,115,55,39,0,0,248,117,0,
542,NEW JERSEY,Atlantic,2018,365,277,87,1,0,0,0,112,56,41,0,0,183,182,0,
543,NEW JERSEY,Bergen,2018,365,153,198,12,2,0,0,164,76,53,1,42,56,266,0,
544,NEW JERSEY,Camden,2018,365,166,194,5,0,0,0,140,71,52,1,6,94,264,0,
545,NEW JERSEY,Cumberland,2018,365,241,124,0,0,0,0,93,60,43,0,14,107,244,0,
546,NEW JERSEY,Essex,2018,364,219,141,3,1,0,0,177,67,43,2,24,121,217,0,
547,NEW JERSEY,Gloucester,2018,276,212,57,7,0,0,0,147,67,40,0,0,215,61,0,
548,NEW JERSEY,Hudson,2018,365,190,166,7,2,0,0,174,69,49,0,50,90,225,0,
549,NEW JERSEY,Hunterdon,2018,352,236,111,3,2,0,0,179,65,43,0,0,161,191,0,
550,NEW JERSEY,Mercer,2018,365,229,129,6,1,0,0,187,67,43,0,0,158,207,0,
551,NEW JERSEY,Middlesex,2018,365,239,120,6,0,0,0,133,65,42,0,9,153,203,0,
552,NEW JERSEY,Monmouth,2018,245,220,25,0,0,0,0,100,51,33,0,0,245,0,0,
553,NEW JERSEY,Morris,2018,365,319,41,5,0,0,0,136,56,35,0,12,315,38,0,
554,NEW JERSEY,Ocean,2018,349,264,77,8,0,0,0,143,61,39,0,0,171,178,0,
555,NEW JERSEY,Passaic,2018,277,220,54,3,0,0,0,150,64,39,0,0,200,77,0,
556,NEW JERSEY,Union,2018,365,156,209,0,0,0,0,96,64,52,0,18,0,347,0,
557,NEW JERSEY,Warren,2018,357,250,106,1,0,0,0,112,64,40,0,19,102,236,0,
558,NEW MEXICO,Bernalillo,2018,365,137,209,18,1,0,0,165,90,57,0,0,223,103,39,
559,NEW MEXICO,Catron,2018,117,117,0,0,0,0,0,49,28,11,0,0,0,117,0,
560,NEW MEXICO,Chaves,2018,118,102,16,0,0,0,0,62,52,28,0,0,0,118,0,
561,NEW MEXICO,Dona Ana,2018,365,121,212,28,4,0,0,187,100,58,0,2,241,81,41,
562,NEW MEXICO,Eddy,2018,365,210,135,17,3,0,0,185,90,48,0,7,349,9,0,
563,NEW MEXICO,Lea,2018,365,193,166,6,0,0,0,143,80,50,0,1,244,120,0,
564,NEW MEXICO,Lincoln,2018,116,113,3,0,0,0,0,58,30,15,0,0,0,116,0,
565,NEW MEXICO,Los Alamos,2018,120,120,0,0,0,0,0,43,31,13,0,0,0,120,0,
566,NEW MEXICO,Luna,2018,357,343,11,3,0,0,0,137,32,16,0,0,0,0,357,
567,NEW MEXICO,Rio Arriba,2018,362,246,113,3,0,0,0,126,77,46,0,0,360,2,0,
568,NEW MEXICO,San Juan,2018,365,213,136,16,0,0,0,129,93,47,0,2,363,0,0,
569,NEW MEXICO,Sandoval,2018,354,223,119,12,0,0,0,119,84,45,0,0,348,3,3,
570,NEW MEXICO,Santa Fe,2018,365,276,86,3,0,0,0,122,67,44,0,0,343,22,0,
571,NEW MEXICO,Socorro,2018,112,107,5,0,0,0,0,61,39,18,0,0,0,112,0,
572,NEW MEXICO,Taos,2018,365,319,46,0,0,0,0,69,52,30,0,0,0,365,0,
573,NEW MEXICO,Valencia,2018,359,238,116,5,0,0,0,108,80,45,0,0,359,0,0,
574,NEW YORK,Albany,2018,365,250,113,2,0,0,0,112,63,42,0,0,142,223,0,
575,NEW YORK,Bronx,2018,365,229,127,9,0,0,0,150,65,44,0,51,142,172,0,
576,NEW YORK,Chautauqua,2018,358,300,54,4,0,0,0,126,61,37,0,0,323,35,0,
577,NEW YORK,Dutchess,2018,349,327,20,1,1,0,0,156,46,31,0,0,349,0,0,
578,NEW YORK,Erie,2018,365,220,143,2,0,0,0,112,67,45,0,5,124,236,0,
579,NEW YORK,Essex,2018,365,317,46,2,0,0,0,108,54,41,0,0,348,17,0,
580,NEW YORK,Hamilton,2018,352,341,11,0,0,0,0,97,45,33,0,0,352,0,0,
581,NEW YORK,Herkimer,2018,245,233,12,0,0,0,0,93,48,36,0,0,245,0,0,
582,NEW YORK,Jefferson,2018,329,307,20,2,0,0,0,105,47,33,0,0,329,0,0,
583,NEW YORK,Kings,2018,365,271,94,0,0,0,0,82,56,34,0,0,0,365,0,
584,NEW YORK,Monroe,2018,365,248,113,4,0,0,0,108,61,42,0,1,142,222,0,
585,NEW YORK,Nassau,2018,365,305,60,0,0,0,0,93,54,28,0,0,0,365,0,
586,NEW YORK,New York,2018,365,176,178,10,1,0,0,151,70,51,0,0,85,280,0,
587,NEW YORK,Niagara,2018,320,294,25,1,0,0,0,101,50,34,0,0,320,0,0,
588,NEW YORK,Oneida,2018,364,311,53,0,0,0,0,74,53,24,0,0,0,364,0,
589,NEW YORK,Onondaga,2018,364,297,65,2,0,0,0,115,58,37,0,0,259,105,0,
590,NEW YORK,Orange,2018,365,279,85,1,0,0,0,147,57,39,0,0,207,158,0,
591,NEW YORK,Oswego,2018,350,324,25,1,0,0,0,112,47,32,0,0,350,0,0,
592,NEW YORK,Putnam,2018,337,317,18,1,1,0,0,151,45,31,0,0,337,0,0,
593,NEW YORK,Queens,2018,365,229,128,8,0,0,0,140,64,45,0,35,121,209,0,
594,NEW YORK,Richmond,2018,363,229,128,6,0,0,0,136,64,42,0,0,101,262,0,
595,NEW YORK,Rockland,2018,365,301,58,5,0,1,0,210,57,38,0,0,252,113,0,
596,NEW YORK,Saratoga,2018,361,341,19,1,0,0,0,119,45,31,0,0,361,0,0,
597,NEW YORK,Steuben,2018,363,313,50,0,0,0,0,87,52,34,3,0,263,97,0,
598,NEW YORK,Suffolk,2018,365,254,100,10,1,0,0,172,62,43,0,0,222,143,0,
599,NEW YORK,Tompkins,2018,360,332,27,1,0,0,0,101,47,33,0,0,360,0,0,
600,NEW YORK,Wayne,2018,239,210,25,4,0,0,0,115,58,38,0,0,239,0,0,
601,NEW YORK,Westchester,2018,365,295,58,11,1,0,0,169,61,38,0,0,255,110,0,
602,NORTH CAROLINA,Alexander,2018,233,198,35,0,0,0,0,100,58,40,0,0,233,0,0,
603,NORTH CAROLINA,Avery,2018,357,319,38,0,0,0,0,87,51,38,0,0,329,28,0,
604,NORTH CAROLINA,Buncombe,2018,364,261,103,0,0,0,0,93,58,40,0,0,134,230,0,
605,NORTH CAROLINA,Caldwell,2018,244,209,35,0,0,0,0,93,58,39,0,0,244,0,0,
606,NORTH CAROLINA,Carteret,2018,222,202,20,0,0,0,0,77,49,38,0,0,222,0,0,
607,NORTH CAROLINA,Caswell,2018,232,198,34,0,0,0,0,97,58,40,0,0,232,0,0,
608,NORTH CAROLINA,Catawba,2018,352,226,126,0,0,0,0,80,60,43,0,0,0,352,0,
609,NORTH CAROLINA,Cumberland,2018,349,240,109,0,0,0,0,100,60,42,0,0,137,207,5,
610,NORTH CAROLINA,Davidson,2018,353,185,168,0,0,0,0,79,61,49,0,0,0,353,0,
611,NORTH CAROLINA,Durham,2018,358,191,167,0,0,0,0,100,62,48,0,0,94,264,0,
612,NORTH CAROLINA,Edgecombe,2018,354,286,68,0,0,0,0,80,55,36,0,0,133,221,0,
613,NORTH CAROLINA,Forsyth,2018,365,189,174,2,0,0,0,101,68,50,0,1,118,246,0,
614,NORTH CAROLINA,Graham,2018,195,165,30,0,0,0,0,93,64,43,0,0,195,0,0,
615,NORTH CAROLINA,Granville,2018,233,193,40,0,0,0,0,93,61,42,0,0,233,0,0,
616,NORTH CAROLINA,Guilford,2018,355,238,116,1,0,0,0,105,64,44,0,0,151,191,13,
617,NORTH CAROLINA,Haywood,2018,280,221,58,1,0,0,0,105,67,44,0,0,240,40,0,
618,NORTH CAROLINA,Hyde,2018,109,103,6,0,0,0,0,59,42,26,0,0,0,109,0,
619,NORTH CAROLINA,Jackson,2018,237,175,61,1,0,0,0,108,67,43,0,0,146,91,0,
620,NORTH CAROLINA,Johnston,2018,354,228,126,0,0,0,0,90,59,44,0,0,87,267,0,
621,NORTH CAROLINA,Lee,2018,210,95,115,0,0,0,0,85,63,52,0,0,76,134,0,
622,NORTH CAROLINA,Lenoir,2018,278,249,28,1,0,0,0,108,51,36,0,0,222,0,56,
623,NORTH CAROLINA,Lincoln,2018,225,184,41,0,0,0,0,90,58,41,0,0,225,0,0,
624,NORTH CAROLINA,Macon,2018,356,340,16,0,0,0,0,93,45,31,0,0,356,0,0,
625,NORTH CAROLINA,Martin,2018,289,261,28,0,0,0,0,80,50,34,0,0,224,0,65,
626,NORTH CAROLINA,Mecklenburg,2018,360,173,182,5,0,0,0,108,71,51,1,2,124,233,0,
627,NORTH CAROLINA,Mitchell,2018,355,287,68,0,0,0,0,80,54,27,0,0,0,355,0,
628,NORTH CAROLINA,Montgomery,2018,363,282,81,0,0,0,0,98,55,39,0,0,172,191,0,
629,NORTH CAROLINA,New Hanover,2018,329,302,27,0,0,0,0,77,50,31,0,0,188,141,0,
630,NORTH CAROLINA,Person,2018,233,206,27,0,0,0,0,97,54,40,0,0,233,0,0,
631,NORTH CAROLINA,Pitt,2018,345,259,86,0,0,0,0,87,56,41,0,0,120,225,0,
632,NORTH CAROLINA,Rockingham,2018,233,190,43,0,0,0,0,90,58,42,0,0,233,0,0,
633,NORTH CAROLINA,Rowan,2018,336,322,14,0,0,0,0,74,48,35,0,0,336,0,0,
634,NORTH CAROLINA,Swain,2018,363,255,108,0,0,0,0,81,58,42,0,0,119,244,0,
635,NORTH CAROLINA,Union,2018,189,143,43,3,0,0,0,122,67,44,0,0,189,0,0,
636,NORTH CAROLINA,Wake,2018,361,152,209,0,0,0,0,90,65,52,1,0,77,283,0,
637,NORTH CAROLINA,Yancey,2018,230,184,46,0,0,0,0,84,64,44,0,0,230,0,0,
638,NORTH DAKOTA,Billings,2018,361,311,50,0,0,0,0,90,54,38,0,0,282,79,0,
639,NORTH DAKOTA,Burke,2018,361,311,49,1,0,0,0,108,54,34,0,0,298,62,1,
640,NORTH DAKOTA,Burleigh,2018,365,247,114,2,2,0,0,153,61,41,4,4,116,240,1,
641,NORTH DAKOTA,Cass,2018,360,271,88,1,0,0,0,121,58,39,0,3,183,169,5,
642,NORTH DAKOTA,Dunn,2018,349,297,52,0,0,0,0,90,54,35,0,0,262,86,1,
643,NORTH DAKOTA,Mckenzie,2018,355,293,62,0,0,0,0,93,57,38,0,0,255,99,1,
644,NORTH DAKOTA,Mercer,2018,365,305,58,2,0,0,0,111,58,38,0,6,248,111,0,
645,NORTH DAKOTA,Oliver,2018,360,286,71,3,0,0,0,122,61,39,0,0,254,104,2,
646,NORTH DAKOTA,Ward,2018,360,316,41,3,0,0,0,112,54,34,0,0,171,178,11,
647,NORTH DAKOTA,Williams,2018,360,291,69,0,0,0,0,100,59,38,0,0,208,150,2,
648,OHIO,Adams,2018,333,288,45,0,0,0,0,70,53,31,0,0,0,333,0,
649,OHIO,Allen,2018,356,260,91,5,0,0,0,119,61,42,0,0,186,170,0,
650,OHIO,Ashtabula,2018,244,208,33,3,0,0,0,129,61,39,0,0,244,0,0,
651,OHIO,Athens,2018,94,75,19,0,0,0,0,62,55,37,0,0,0,94,0,
652,OHIO,Belmont,2018,365,331,34,0,0,0,0,72,48,18,2,251,0,110,2,
653,OHIO,Butler,2018,365,241,118,6,0,0,0,140,71,42,0,0,272,90,3,
654,OHIO,Clark,2018,362,170,188,4,0,0,0,140,69,52,0,0,105,257,0,
655,OHIO,Clermont,2018,356,245,109,2,0,0,0,101,64,44,0,0,171,185,0,
656,OHIO,Clinton,2018,245,202,42,1,0,0,0,112,64,41,0,0,245,0,0,
657,OHIO,Columbiana,2018,63,63,0,0,0,0,0,30,21,12,0,0,0,0,63,
658,OHIO,Cuyahoga,2018,365,165,189,11,0,0,0,133,77,53,0,5,143,210,7,
659,OHIO,Delaware,2018,244,212,32,0,0,0,0,100,54,39,0,0,244,0,0,
660,OHIO,Fayette,2018,364,337,27,0,0,0,0,80,49,35,0,0,364,0,0,
661,OHIO,Franklin,2018,365,210,153,2,0,0,0,122,66,47,0,11,128,224,2,
662,OHIO,Geauga,2018,245,196,40,9,0,0,0,129,77,42,0,0,245,0,0,
663,OHIO,Greene,2018,363,210,152,1,0,0,0,122,64,47,0,0,121,242,0,
664,OHIO,Hamilton,2018,365,97,260,7,1,0,0,159,76,57,0,6,91,268,0,
665,OHIO,Harrison,2018,145,134,11,0,0,0,0,65,41,3,103,0,0,40,2,
666,OHIO,Jefferson,2018,344,96,246,2,0,0,0,108,70,55,0,0,44,300,0,
667,OHIO,Knox,2018,245,208,36,1,0,0,0,115,64,40,0,0,245,0,0,
668,OHIO,Lake,2018,365,258,98,9,0,0,0,126,66,42,0,0,164,201,0,
669,OHIO,Lawrence,2018,365,271,92,2,0,0,0,119,58,42,0,0,115,250,0,
670,OHIO,Licking,2018,245,210,35,0,0,0,0,100,54,40,0,0,245,0,0,
671,OHIO,Lorain,2018,365,255,109,1,0,0,0,101,61,41,0,0,126,239,0,
672,OHIO,Lucas,2018,348,215,123,9,1,0,0,151,66,45,0,0,153,195,0,
673,OHIO,Madison,2018,244,209,34,1,0,0,0,101,58,41,0,0,244,0,0,
674,OHIO,Mahoning,2018,365,242,123,0,0,0,0,90,59,43,0,0,79,286,0,
675,OHIO,Medina,2018,365,240,125,0,0,0,0,100,63,42,0,0,139,226,0,
676,OHIO,Miami,2018,245,207,37,1,0,0,0,140,61,40,0,0,245,0,0,
677,OHIO,Montgomery,2018,363,193,166,4,0,0,0,129,66,49,4,0,139,220,0,
678,OHIO,Noble,2018,343,309,34,0,0,0,0,97,50,36,0,0,295,48,0,
679,OHIO,Portage,2018,279,214,65,0,0,0,0,100,63,39,0,0,211,68,0,
680,OHIO,Preble,2018,365,186,178,1,0,0,0,107,64,50,0,0,116,249,0,
681,OHIO,Scioto,2018,365,338,27,0,0,0,0,84,43,13,0,0,0,114,251,
682,OHIO,Stark,2018,365,176,186,3,0,0,0,108,71,51,0,0,117,248,0,
683,OHIO,Summit,2018,365,200,164,1,0,0,0,105,67,48,0,0,104,261,0,
684,OHIO,Trumbull,2018,353,254,95,4,0,0,0,108,64,42,0,0,195,158,0,
685,OHIO,Warren,2018,358,201,152,5,0,0,0,136,67,48,0,0,140,218,0,
686,OHIO,Washington,2018,245,216,26,3,0,0,0,105,54,39,0,0,245,0,0,
687,OHIO,Wood,2018,245,213,30,2,0,0,0,115,61,38,0,0,245,0,0,
688,OKLAHOMA,Adair,2018,365,263,100,2,0,0,0,145,61,42,0,0,183,178,4,
689,OKLAHOMA,Bryan,2018,301,257,41,3,0,0,0,119,58,38,0,0,301,0,0,
690,OKLAHOMA,Canadian,2018,360,300,54,6,0,0,0,150,64,36,0,0,360,0,0,
691,OKLAHOMA,Carter,2018,356,227,127,2,0,0,0,128,60,41,0,0,0,356,0,
692,OKLAHOMA,Choctaw,2018,272,254,18,0,0,0,0,93,49,37,0,0,272,0,0,
693,OKLAHOMA,Cleveland,2018,365,159,200,6,0,0,0,121,71,52,0,0,112,253,0,
694,OKLAHOMA,Comanche,2018,365,240,121,4,0,0,0,122,67,44,0,0,231,134,0,
695,OKLAHOMA,Creek,2018,344,303,40,1,0,0,0,115,51,36,0,0,344,0,0,
696,OKLAHOMA,Custer,2018,364,355,8,1,0,0,0,104,31,16,0,0,0,0,364,
697,OKLAHOMA,Dewey,2018,362,212,143,7,0,0,0,115,74,47,0,0,179,183,0,
698,OKLAHOMA,Jefferson,2018,267,198,64,4,1,0,0,151,71,43,0,0,267,0,0,
699,OKLAHOMA,Kay,2018,365,181,182,2,0,0,0,114,64,51,0,0,56,309,0,
700,OKLAHOMA,Le Flore,2018,34,30,4,0,0,0,0,62,52,34,0,0,0,34,0,
701,OKLAHOMA,Love,2018,272,205,60,7,0,0,0,129,74,43,0,0,272,0,0,
702,OKLAHOMA,Mayes,2018,261,228,32,1,0,0,0,140,54,37,0,0,261,0,0,
703,OKLAHOMA,Mcclain,2018,321,264,54,3,0,0,0,119,61,38,0,0,321,0,0,
704,OKLAHOMA,Muskogee,2018,347,315,30,1,1,0,0,196,49,19,0,0,0,0,347,
705,OKLAHOMA,Nowata,2018,354,186,168,0,0,0,0,97,66,48,0,0,116,238,0,
706,OKLAHOMA,Oklahoma,2018,365,160,196,9,0,0,0,147,75,52,0,3,118,242,2,
707,OKLAHOMA,Osage,2018,359,303,49,7,0,0,0,143,64,36,0,0,359,0,0,
708,OKLAHOMA,Ottawa,2018,365,156,208,1,0,0,0,107,66,52,0,0,60,304,1,
709,OKLAHOMA,Pittsburg,2018,363,232,130,1,0,0,0,108,68,46,0,0,158,205,0,
710,OKLAHOMA,Sequoyah,2018,363,259,104,0,0,0,0,90,59,41,0,3,159,201,0,
711,OKLAHOMA,Tulsa,2018,365,117,240,7,1,0,0,192,77,56,0,1,74,290,0,
712,OKLAHOMA,Washington,2018,8,4,4,0,0,0,0,65,65,53,0,0,2,6,0,
713,OREGON,Baker,2018,347,273,72,1,1,0,0,172,57,32,0,0,0,347,0,
714,OREGON,Benton,2018,362,313,47,2,0,0,0,119,53,22,0,0,0,362,0,
715,OREGON,Clackamas,2018,212,174,32,5,1,0,0,170,71,37,0,0,95,117,0,
716,OREGON,Columbia,2018,363,330,29,4,0,0,0,136,49,28,0,0,104,259,0,
717,OREGON,Crook,2018,363,251,105,5,2,0,0,169,70,34,0,0,0,363,0,
718,OREGON,Deschutes,2018,363,273,76,9,4,1,0,205,66,27,0,0,0,363,0,
719,OREGON,Douglas,2018,336,256,78,2,0,0,0,135,61,29,0,0,0,336,0,
720,OREGON,Grant,2018,362,206,153,1,2,0,0,176,66,45,0,0,0,362,0,
721,OREGON,Harney,2018,362,220,136,4,2,0,0,174,70,39,0,0,0,362,0,
722,OREGON,Jackson,2018,364,190,132,11,25,6,0,258,121,48,0,0,76,288,0,
723,OREGON,Jefferson,2018,184,96,82,5,1,0,0,156,72,49,0,0,0,184,0,
724,OREGON,Josephine,2018,363,195,129,17,21,1,0,210,112,47,0,0,0,363,0,
725,OREGON,Klamath,2018,360,184,136,12,20,8,0,249,114,49,0,0,0,360,0,
726,OREGON,Lake,2018,358,244,92,13,9,0,0,191,82,34,0,0,0,358,0,
727,OREGON,Lane,2018,365,213,144,7,1,0,0,156,74,44,0,0,72,292,1,
728,OREGON,Linn,2018,365,254,106,5,0,0,0,122,66,36,0,0,0,365,0,
729,OREGON,Marion,2018,361,271,84,6,0,0,0,125,61,35,0,0,122,239,0,
730,OREGON,Multnomah,2018,365,272,84,8,1,0,0,152,63,37,0,12,178,175,0,
731,OREGON,Umatilla,2018,333,257,68,5,2,1,0,254,64,36,0,0,88,245,0,
732,OREGON,Union,2018,362,282,74,5,1,0,0,192,59,32,0,0,0,361,1,
733,OREGON,Wallowa,2018,329,251,76,2,0,0,0,118,60,28,0,0,0,329,0,
734,OREGON,Wasco,2018,334,256,73,4,1,0,0,156,59,37,0,0,47,284,3,
735,OREGON,Washington,2018,365,260,98,7,0,0,0,150,64,36,0,25,102,238,0,
736,PENNSYLVANIA,Adams,2018,365,243,120,2,0,0,0,105,64,44,0,0,191,174,0,
737,PENNSYLVANIA,Allegheny,2018,365,92,260,12,1,0,0,154,84,58,0,0,58,307,0,
738,PENNSYLVANIA,Armstrong,2018,360,245,114,1,0,0,0,143,61,42,0,0,157,203,0,
739,PENNSYLVANIA,Beaver,2018,365,169,190,6,0,0,0,136,73,52,0,1,134,230,0,
740,PENNSYLVANIA,Berks,2018,365,226,134,5,0,0,0,117,70,44,0,0,173,192,0,
741,PENNSYLVANIA,Blair,2018,359,244,114,1,0,0,0,132,63,42,0,0,186,173,0,
742,PENNSYLVANIA,Bradford,2018,356,273,83,0,0,0,0,97,58,37,0,2,203,151,0,
743,PENNSYLVANIA,Bucks,2018,333,288,33,9,3,0,0,164,64,33,0,0,333,0,0,
744,PENNSYLVANIA,Cambria,2018,363,230,133,0,0,0,0,93,61,44,0,0,116,245,2,
745,PENNSYLVANIA,Centre,2018,365,225,138,2,0,0,0,122,63,44,0,1,162,202,0,
746,PENNSYLVANIA,Chester,2018,359,220,138,1,0,0,0,112,66,44,0,0,152,207,0,
747,PENNSYLVANIA,Clearfield,2018,343,320,22,1,0,0,0,101,46,33,0,0,343,0,0,
748,PENNSYLVANIA,Cumberland,2018,365,187,178,0,0,0,0,97,65,48,0,0,0,365,0,
749,PENNSYLVANIA,Dauphin,2018,365,222,142,1,0,0,0,108,69,44,0,0,130,234,1,
750,PENNSYLVANIA,Delaware,2018,365,95,264,6,0,0,0,143,76,56,0,1,42,322,0,
751,PENNSYLVANIA,Elk,2018,351,325,26,0,0,0,0,97,48,34,0,0,351,0,0,
752,PENNSYLVANIA,Erie,2018,365,224,141,0,0,0,0,84,63,44,0,5,148,212,0,
753,PENNSYLVANIA,Fayette,2018,228,155,72,1,0,0,0,105,60,42,0,1,105,122,0,
754,PENNSYLVANIA,Franklin,2018,353,343,10,0,0,0,0,74,44,32,0,0,353,0,0,
755,PENNSYLVANIA,Greene,2018,360,288,72,0,0,0,0,100,55,39,0,0,205,155,0,
756,PENNSYLVANIA,Indiana,2018,355,322,32,1,0,0,0,105,50,35,0,0,355,0,0,
757,PENNSYLVANIA,Lackawanna,2018,365,248,117,0,0,0,0,96,64,41,0,17,150,198,0,
758,PENNSYLVANIA,Lancaster,2018,365,167,193,5,0,0,0,126,75,52,0,0,107,258,0,
759,PENNSYLVANIA,Lawrence,2018,358,329,29,0,0,0,0,97,50,32,0,0,358,0,0,
760,PENNSYLVANIA,Lebanon,2018,365,206,157,2,0,0,0,101,69,47,0,0,119,246,0,
761,PENNSYLVANIA,Lehigh,2018,365,221,142,2,0,0,0,126,71,43,0,0,160,203,2,
762,PENNSYLVANIA,Luzerne,2018,365,340,24,1,0,0,0,101,48,32,0,0,354,0,11,
763,PENNSYLVANIA,Lycoming,2018,345,327,18,0,0,0,0,97,44,31,0,0,344,0,1,
764,PENNSYLVANIA,Mercer,2018,365,240,122,3,0,0,0,115,66,43,0,0,213,152,0,
765,PENNSYLVANIA,Monroe,2018,355,309,44,2,0,0,0,108,54,36,0,0,318,37,0,
766,PENNSYLVANIA,Montgomery,2018,352,242,103,7,0,0,0,129,67,41,0,0,163,189,0,
767,PENNSYLVANIA,Northampton,2018,365,194,166,5,0,0,0,136,77,48,0,0,138,227,0,
768,PENNSYLVANIA,Philadelphia,2018,365,152,203,9,1,0,0,156,74,54,0,2,71,292,0,
769,PENNSYLVANIA,Somerset,2018,357,330,27,0,0,0,0,90,47,33,0,0,357,0,0,
770,PENNSYLVANIA,Susquehanna,2018,88,71,17,0,0,0,0,67,55,32,0,0,0,88,0,
771,PENNSYLVANIA,Tioga,2018,347,286,61,0,0,0,0,97,55,37,0,1,239,107,0,
772,PENNSYLVANIA,Washington,2018,365,163,200,2,0,0,0,105,67,52,0,0,110,255,0,
773,PENNSYLVANIA,Westmoreland,2018,364,281,81,2,0,0,0,122,57,40,0,0,192,172,0,
774,PENNSYLVANIA,York,2018,365,206,158,1,0,0,0,101,64,45,0,8,174,183,0,
775,PUERTO RICO,Adjuntas,2018,27,27,0,0,0,0,0,42,30,19,0,0,0,27,0,
776,PUERTO RICO,Bayamon,2018,264,76,175,7,6,0,0,172,83,56,10,0,0,254,0,
777,PUERTO RICO,Caguas,2018,201,199,2,0,0,0,0,54,23,9,175,0,0,26,0,
778,PUERTO RICO,Catano,2018,286,158,126,2,0,0,0,116,63,47,0,0,39,245,2,
779,PUERTO RICO,Fajardo,2018,24,22,2,0,0,0,0,54,39,26,0,0,0,24,0,
780,PUERTO RICO,Guaynabo,2018,302,281,18,2,1,0,0,176,44,10,100,111,0,91,0,
781,PUERTO RICO,Ponce,2018,357,146,206,5,0,0,0,118,74,55,8,0,0,310,39,
782,RHODE ISLAND,Kent,2018,354,294,54,6,0,0,0,140,56,36,0,0,134,220,0,
783,RHODE ISLAND,Providence,2018,365,212,145,8,0,0,0,147,64,47,0,7,124,233,1,
784,RHODE ISLAND,Washington,2018,361,311,45,5,0,0,0,115,54,35,0,0,169,192,0,
785,SOUTH CAROLINA,Aiken,2018,110,92,18,0,0,0,0,93,61,42,0,0,110,0,0,
786,SOUTH CAROLINA,Anderson,2018,148,147,1,0,0,0,0,51,46,35,0,0,148,0,0,
787,SOUTH CAROLINA,Berkeley,2018,152,143,9,0,0,0,0,67,47,33,0,0,152,0,0,
788,SOUTH CAROLINA,Charleston,2018,359,269,90,0,0,0,0,79,55,41,0,2,63,294,0,
789,SOUTH CAROLINA,Chesterfield,2018,338,266,71,1,0,0,0,104,56,36,0,0,104,231,3,
790,SOUTH CAROLINA,Colleton,2018,359,294,65,0,0,0,0,79,54,36,0,0,85,274,0,
791,SOUTH CAROLINA,Darlington,2018,142,133,9,0,0,0,0,87,48,40,0,0,142,0,0,
792,SOUTH CAROLINA,Edgefield,2018,330,250,80,0,0,0,0,90,56,39,0,0,96,234,0,
793,SOUTH CAROLINA,Florence,2018,359,270,89,0,0,0,0,76,57,39,0,0,0,359,0,
794,SOUTH CAROLINA,Georgetown,2018,326,326,0,0,0,0,0,44,27,15,0,0,0,0,326,
795,SOUTH CAROLINA,Greenville,2018,365,237,128,0,0,0,0,77,59,44,0,13,76,275,1,
796,SOUTH CAROLINA,Horry,2018,180,164,16,0,0,0,0,87,50,37,0,0,180,0,0,
797,SOUTH CAROLINA,Lexington,2018,362,234,128,0,0,0,0,93,58,43,0,0,0,353,9,
798,SOUTH CAROLINA,Oconee,2018,348,273,75,0,0,0,0,97,56,35,0,0,144,204,0,
799,SOUTH CAROLINA,Pickens,2018,152,132,20,0,0,0,0,84,54,40,0,0,152,0,0,
800,SOUTH CAROLINA,Richland,2018,365,266,98,1,0,0,0,101,58,41,2,3,107,253,0,
801,SOUTH CAROLINA,Spartanburg,2018,365,223,142,0,0,0,0,77,60,44,0,0,70,295,0,
802,SOUTH CAROLINA,York,2018,354,271,80,3,0,0,0,115,58,39,0,0,219,135,0,
803,SOUTH DAKOTA,Brookings,2018,365,297,67,1,0,0,0,101,57,38,0,0,258,91,16,
804,SOUTH DAKOTA,Brown,2018,121,104,15,1,0,0,1,421,53,32,0,0,0,118,3,
805,SOUTH DAKOTA,Codington,2018,365,260,104,1,0,0,0,103,57,39,0,0,0,310,55,
806,SOUTH DAKOTA,Custer,2018,365,311,54,0,0,0,0,89,54,41,0,0,332,33,0,
807,SOUTH DAKOTA,Hughes,2018,354,327,26,1,0,0,0,108,43,18,0,0,0,354,0,
808,SOUTH DAKOTA,Jackson,2018,365,305,59,1,0,0,0,123,55,42,0,0,286,77,2,
809,SOUTH DAKOTA,Meade,2018,362,361,1,0,0,0,0,53,37,29,0,0,311,0,51,
810,SOUTH DAKOTA,Minnehaha,2018,365,275,87,3,0,0,0,115,62,40,0,7,225,131,2,
811,SOUTH DAKOTA,Pennington,2018,365,263,100,2,0,0,0,118,61,36,0,16,0,233,116,
812,SOUTH DAKOTA,Union,2018,365,256,106,3,0,0,0,112,62,43,0,0,192,141,32,
813,TENNESSEE,Anderson,2018,229,196,33,0,0,0,0,90,61,40,0,0,229,0,0,
814,TENNESSEE,Blount,2018,365,205,159,1,0,0,0,108,64,48,0,0,155,210,0,
815,TENNESSEE,Claiborne,2018,355,335,20,0,0,0,0,87,47,34,0,0,355,0,0,
816,TENNESSEE,Davidson,2018,365,164,196,4,1,0,0,151,67,52,0,8,62,295,0,
817,TENNESSEE,Dekalb,2018,348,331,17,0,0,0,0,87,46,33,0,0,348,0,0,
818,TENNESSEE,Dyer,2018,356,257,99,0,0,0,0,83,56,38,0,0,0,356,0,
819,TENNESSEE,Hamilton,2018,365,193,171,1,0,0,0,101,65,48,0,0,112,253,0,
820,TENNESSEE,Jefferson,2018,244,202,42,0,0,0,0,100,61,42,0,0,244,0,0,
821,TENNESSEE,Knox,2018,364,186,177,1,0,0,0,112,65,50,0,0,98,266,0,
822,TENNESSEE,Lawrence,2018,352,276,76,0,0,0,0,70,55,36,0,0,0,352,0,
823,TENNESSEE,Loudon,2018,365,273,91,1,0,0,0,133,58,39,0,0,150,215,0,
824,TENNESSEE,Madison,2018,351,275,76,0,0,0,0,81,56,35,0,0,0,351,0,
825,TENNESSEE,Maury,2018,331,250,81,0,0,0,0,70,55,36,0,0,0,331,0,
826,TENNESSEE,Mcminn,2018,356,246,110,0,0,0,0,71,57,39,0,0,0,356,0,
827,TENNESSEE,Montgomery,2018,354,241,113,0,0,0,0,80,58,40,0,0,0,354,0,
828,TENNESSEE,Putnam,2018,352,268,84,0,0,0,0,68,56,36,0,0,0,352,0,
829,TENNESSEE,Roane,2018,355,267,88,0,0,0,0,66,56,36,0,0,0,355,0,
830,TENNESSEE,Sevier,2018,364,306,54,4,0,0,0,115,64,43,0,0,364,0,0,
831,TENNESSEE,Shelby,2018,365,223,134,8,0,0,0,133,71,46,0,4,132,229,0,
832,TENNESSEE,Sullivan,2018,364,259,104,1,0,0,0,105,61,43,0,0,152,212,0,
833,TENNESSEE,Sumner,2018,346,253,91,2,0,0,0,133,61,41,0,0,161,185,0,
834,TENNESSEE,Williamson,2018,245,212,32,1,0,0,0,108,58,39,0,0,245,0,0,
835,TENNESSEE,Wilson,2018,191,158,31,2,0,0,0,119,61,38,0,0,191,0,0,
836,TEXAS,Bell,2018,365,320,40,5,0,0,0,136,54,36,0,0,365,0,0,
837,TEXAS,Bexar,2018,365,187,167,10,1,0,0,166,71,49,0,2,139,223,1,
838,TEXAS,Bowie,2018,297,175,121,1,0,0,0,106,61,47,0,0,0,297,0,
839,TEXAS,Brazoria,2018,365,329,31,4,1,0,0,166,50,31,0,12,353,0,0,
840,TEXAS,Brewster,2018,363,274,89,0,0,0,0,97,58,40,0,0,263,100,0,
841,TEXAS,Cameron,2018,365,178,187,0,0,0,0,99,67,51,0,0,62,303,0,
842,TEXAS,Collin,2018,361,296,49,16,0,0,0,150,71,37,0,0,361,0,0,
843,TEXAS,Culberson,2018,115,89,26,0,0,0,0,81,54,31,0,0,0,115,0,
844,TEXAS,Dallas,2018,365,171,175,16,3,0,0,161,77,52,0,13,113,238,1,
845,TEXAS,Denton,2018,365,254,97,13,1,0,0,151,74,42,0,11,243,111,0,
846,TEXAS,Ector,2018,337,229,108,0,0,0,0,92,58,40,0,0,0,337,0,
847,TEXAS,El Paso,2018,365,91,257,15,2,0,0,164,84,59,0,11,133,219,2,
848,TEXAS,Ellis,2018,365,229,128,8,0,0,0,120,67,45,0,4,120,241,0,
849,TEXAS,Fayette,2018,330,262,68,0,0,0,0,96,58,34,0,0,0,330,0,
850,TEXAS,Galveston,2018,364,306,48,9,0,1,0,202,59,34,0,5,271,87,1,
851,TEXAS,Gregg,2018,364,329,35,0,0,0,0,97,50,32,0,3,361,0,0,
852,TEXAS,Harris,2018,365,102,236,19,7,1,0,204,87,56,0,12,83,270,0,
853,TEXAS,Harrison,2018,364,263,100,1,0,0,0,111,59,41,0,1,110,253,0,
854,TEXAS,Hidalgo,2018,363,173,186,4,0,0,0,115,71,51,0,0,64,299,0,
855,TEXAS,Hood,2018,362,316,41,5,0,0,0,133,54,33,0,0,362,0,0,
856,TEXAS,Hunt,2018,365,329,32,3,1,0,0,154,50,32,0,3,362,0,0,
857,TEXAS,Jefferson,2018,365,161,196,7,1,0,0,154,75,53,0,0,101,264,0,
858,TEXAS,Johnson,2018,354,302,44,7,1,0,0,156,61,35,0,0,354,0,0,
859,TEXAS,Kaufman,2018,365,268,96,1,0,0,0,122,61,41,0,1,172,192,0,
860,TEXAS,Kleberg,2018,342,188,150,3,1,0,0,164,69,47,0,0,0,342,0,
861,TEXAS,Lubbock,2018,303,239,63,1,0,0,0,134,56,33,0,0,0,303,0,
862,TEXAS,Maverick,2018,342,252,90,0,0,0,0,100,60,37,0,0,0,342,0,
863,TEXAS,Mclennan,2018,312,248,64,0,0,0,0,98,58,38,1,0,223,88,0,
864,TEXAS,Montgomery,2018,365,231,123,10,1,0,0,156,74,44,0,0,181,184,0,
865,TEXAS,Navarro,2018,364,266,94,4,0,0,0,117,68,41,0,3,203,158,0,
866,TEXAS,Nueces,2018,365,214,151,0,0,0,0,99,67,44,0,0,104,261,0,
867,TEXAS,Orange,2018,365,173,186,6,0,0,0,122,69,52,0,0,82,283,0,
868,TEXAS,Parker,2018,359,319,34,5,1,0,0,164,51,35,0,0,359,0,0,
869,TEXAS,Polk,2018,365,347,18,0,0,0,0,97,45,31,0,0,365,0,0,
870,TEXAS,Potter,2018,353,316,36,1,0,0,0,134,51,30,0,0,0,353,0,
871,TEXAS,Randall,2018,362,266,87,9,0,0,0,112,74,43,0,0,362,0,0,
872,TEXAS,Rockwall,2018,304,281,18,5,0,0,0,136,49,31,0,0,304,0,0,
873,TEXAS,Smith,2018,364,324,38,2,0,0,0,112,54,33,0,3,361,0,0,
874,TEXAS,Tarrant,2018,365,156,190,16,3,0,0,166,84,53,0,3,129,233,0,
875,TEXAS,Travis,2018,365,168,188,9,0,0,0,115,69,52,0,9,96,259,1,
876,TEXAS,Victoria,2018,279,270,7,2,0,0,0,112,38,28,0,0,279,0,0,
877,TEXAS,Webb,2018,313,190,121,2,0,0,0,107,67,44,0,0,104,208,1,
878,UTAH,Box Elder,2018,365,201,155,8,1,0,0,151,84,48,0,1,253,111,0,
879,UTAH,Cache,2018,365,205,153,7,0,0,0,133,77,48,0,0,226,139,0,
880,UTAH,Carbon,2018,364,231,128,5,0,0,0,115,77,46,0,3,361,0,0,
881,UTAH,Davis,2018,365,194,158,12,1,0,0,151,87,49,0,24,240,100,1,
882,UTAH,Duchesne,2018,365,209,145,11,0,0,0,129,84,47,0,0,307,58,0,
883,UTAH,Garfield,2018,365,259,104,2,0,0,0,122,74,44,0,0,364,1,0,
884,UTAH,Iron,2018,365,257,108,0,0,0,0,90,71,44,0,0,311,54,0,
885,UTAH,Salt Lake,2018,365,117,207,39,2,0,0,169,101,61,0,33,221,110,1,
886,UTAH,San Juan,2018,356,245,104,7,0,0,0,119,77,44,0,0,352,4,0,
887,UTAH,Tooele,2018,365,204,151,10,0,0,0,138,81,47,0,0,238,127,0,
888,UTAH,Uintah,2018,365,181,173,10,1,0,0,156,87,51,0,0,334,31,0,
889,UTAH,Utah,2018,365,190,143,25,7,0,0,166,93,50,0,10,241,113,1,
890,UTAH,Washington,2018,365,223,141,1,0,0,0,108,74,44,0,1,317,47,0,
891,UTAH,Wayne,2018,117,111,6,0,0,0,0,70,28,13,0,0,0,117,0,
892,UTAH,Weber,2018,365,181,167,15,2,0,0,159,90,51,0,35,226,99,5,
893,VERMONT,Bennington,2018,365,300,64,1,0,0,0,101,55,37,0,0,207,158,0,
894,VERMONT,Chittenden,2018,365,295,70,0,0,0,0,90,56,40,0,0,218,147,0,
895,VERMONT,Rutland,2018,365,264,101,0,0,0,0,90,62,39,1,0,162,202,0,
896,VERMONT,Windham,2018,117,112,5,0,0,0,0,57,35,12,0,0,0,117,0,
897,VIRGIN ISLANDS,St Croix,2018,22,16,6,0,0,0,0,77,60,29,0,0,0,22,0,
898,VIRGIN ISLANDS,St John,2018,2,2,0,0,0,0,0,32,32,32,0,0,0,2,0,
899,VIRGIN ISLANDS,St Thomas,2018,183,127,55,1,0,0,0,126,60,36,0,0,0,183,0,
900,VIRGINIA,Albemarle,2018,310,252,58,0,0,0,0,93,56,40,0,0,177,133,0,
901,VIRGINIA,Alexandria City,2018,78,78,0,0,0,0,0,11,10,6,0,0,0,0,78,
902,VIRGINIA,Arlington,2018,365,298,64,3,0,0,0,122,62,36,0,95,203,67,0,
903,VIRGINIA,Bristol City,2018,116,93,23,0,0,0,0,71,55,36,0,0,0,116,0,
904,VIRGINIA,Caroline,2018,241,219,22,0,0,0,0,84,49,36,0,0,241,0,0,
905,VIRGINIA,Carroll,2018,59,59,0,0,0,0,0,22,16,9,0,0,0,0,59,
906,VIRGINIA,Charles,2018,356,319,36,1,0,0,0,105,51,33,0,80,200,76,0,
907,VIRGINIA,Chesterfield,2018,275,238,37,0,0,0,0,77,53,36,0,0,191,84,0,
908,VIRGINIA,Fairfax,2018,365,203,161,1,0,0,0,101,66,48,0,16,86,263,0,
909,VIRGINIA,Fauquier,2018,244,232,12,0,0,0,0,80,48,32,0,0,244,0,0,
910,VIRGINIA,Frederick,2018,352,267,85,0,0,0,0,87,58,40,0,0,135,217,0,
911,VIRGINIA,Giles,2018,345,306,39,0,0,0,0,93,51,37,0,0,345,0,0,
912,VIRGINIA,Hampton City,2018,362,298,64,0,0,0,0,97,54,39,1,4,167,190,0,
913,VIRGINIA,Hanover,2018,238,209,29,0,0,0,0,97,54,40,0,0,238,0,0,
914,VIRGINIA,Henrico,2018,365,268,96,1,0,0,0,147,58,42,0,1,157,207,0,
915,VIRGINIA,Hopewell City,2018,61,61,0,0,0,0,0,19,14,10,0,0,0,0,61,
916,VIRGINIA,Loudoun,2018,365,313,52,0,0,0,0,93,54,35,0,82,219,64,0,
917,VIRGINIA,Lynchburg City,2018,112,88,24,0,0,0,0,60,55,34,0,0,0,112,0,
918,VIRGINIA,Madison,2018,356,304,52,0,0,0,0,90,54,39,0,0,305,51,0,
919,VIRGINIA,Norfolk City,2018,365,348,17,0,0,0,0,65,41,18,13,242,0,110,0,
920,VIRGINIA,Prince Edward,2018,347,328,19,0,0,0,0,93,45,31,0,0,347,0,0,
921,VIRGINIA,Prince William,2018,345,316,29,0,0,0,0,100,48,32,0,101,244,0,0,
922,VIRGINIA,Richmond City,2018,364,249,115,0,0,0,0,78,59,42,0,25,0,339,0,
923,VIRGINIA,Roanoke,2018,365,265,100,0,0,0,0,87,57,41,0,7,129,229,0,
924,VIRGINIA,Rockbridge,2018,268,243,25,0,0,0,0,90,50,32,0,0,192,76,0,
925,VIRGINIA,Rockingham,2018,365,324,41,0,0,0,0,82,51,33,0,89,209,67,0,
926,VIRGINIA,Salem City,2018,113,88,25,0,0,0,0,75,56,35,0,0,0,113,0,
927,VIRGINIA,Stafford,2018,264,240,23,1,0,0,0,112,50,35,0,0,245,0,19,
928,VIRGINIA,Suffolk City,2018,245,224,21,0,0,0,0,87,50,39,0,0,245,0,0,
929,VIRGINIA,Virginia Beach City,2018,107,89,18,0,0,0,0,69,56,33,0,0,0,107,0,
930,VIRGINIA,Winchester City,2018,60,60,0,0,0,0,0,20,16,8,0,0,0,0,60,
931,VIRGINIA,Wythe,2018,237,207,30,0,0,0,0,84,54,40,0,0,237,0,0,
932,WASHINGTON,Adams,2018,350,295,47,4,4,0,0,195,58,17,0,0,0,350,0,
933,WASHINGTON,Asotin,2018,325,214,103,6,2,0,0,200,72,36,0,0,0,325,0,
934,WASHINGTON,Benton,2018,365,275,76,12,2,0,0,188,67,36,0,0,124,216,25,
935,WASHINGTON,Chelan,2018,365,244,96,8,10,5,2,500,72,36,0,0,0,365,0,
936,WASHINGTON,Clallam,2018,365,243,114,3,3,2,0,230,61,42,0,0,135,230,0,
937,WASHINGTON,Clark,2018,365,272,87,6,0,0,0,135,59,35,0,0,109,256,0,
938,WASHINGTON,Columbia,2018,307,250,50,6,1,0,0,192,59,22,0,0,0,307,0,
939,WASHINGTON,Cowlitz,2018,365,310,51,2,2,0,0,153,54,27,0,0,0,365,0,
940,WASHINGTON,Franklin,2018,360,300,53,5,2,0,0,182,57,23,0,0,0,360,0,
941,WASHINGTON,Garfield,2018,364,310,50,3,1,0,0,172,55,20,0,0,0,364,0,
942,WASHINGTON,Grant,2018,365,289,65,4,6,1,0,273,64,26,0,12,0,353,0,
943,WASHINGTON,Grays Harbor,2018,365,324,37,1,3,0,0,168,51,29,0,0,0,365,0,
944,WASHINGTON,Jefferson,2018,359,327,26,3,3,0,0,184,48,25,0,0,0,359,0,
945,WASHINGTON,King,2018,365,212,139,8,4,2,0,210,71,46,0,42,67,256,0,
946,WASHINGTON,Kitsap,2018,349,319,25,2,3,0,0,180,45,16,0,0,0,349,0,
947,WASHINGTON,Kittitas,2018,358,290,56,5,6,1,0,221,62,26,0,0,0,358,0,
948,WASHINGTON,Klickitat,2018,257,199,53,4,1,0,0,159,63,26,0,0,0,257,0,
949,WASHINGTON,Lewis,2018,365,298,61,3,3,0,0,172,58,28,0,0,0,365,0,
950,WASHINGTON,Mason,2018,365,304,55,4,2,0,0,168,56,28,0,0,0,365,0,
951,WASHINGTON,Okanogan,2018,365,174,158,9,20,2,2,372,81,52,0,0,0,365,0,
952,WASHINGTON,Pierce,2018,365,234,120,5,6,0,0,188,74,44,0,11,200,154,0,
953,WASHINGTON,Skagit,2018,365,325,32,5,3,0,0,190,52,32,0,6,159,200,0,
954,WASHINGTON,Snohomish,2018,365,260,96,5,4,0,0,186,68,33,0,0,0,365,0,
955,WASHINGTON,Spokane,2018,365,238,115,6,4,2,0,281,74,41,0,0,88,253,24,
956,WASHINGTON,Stevens,2018,365,200,148,8,8,1,0,220,73,46,0,0,0,336,29,
957,WASHINGTON,Thurston,2018,343,291,46,1,5,0,0,181,55,29,0,0,123,220,0,
958,WASHINGTON,Walla Walla,2018,365,292,65,5,2,1,0,242,61,26,0,0,0,319,46,
959,WASHINGTON,Whatcom,2018,361,319,33,6,3,0,0,193,52,29,0,0,144,217,0,
960,WASHINGTON,Whitman,2018,365,303,55,5,2,0,0,187,58,22,0,0,0,365,0,
961,WASHINGTON,Yakima,2018,365,173,176,7,7,2,0,239,82,52,0,0,0,363,2,
962,WEST VIRGINIA,Berkeley,2018,281,229,52,0,0,0,0,88,56,39,0,0,198,83,0,
963,WEST VIRGINIA,Brooke,2018,362,308,54,0,0,0,0,75,55,19,0,0,0,120,242,
964,WEST VIRGINIA,Cabell,2018,282,229,53,0,0,0,0,100,58,39,0,0,201,81,0,
965,WEST VIRGINIA,Gilmer,2018,360,346,14,0,0,0,0,90,44,29,0,0,360,0,0,
966,WEST VIRGINIA,Greenbrier,2018,232,222,10,0,0,0,0,84,48,38,0,0,232,0,0,
967,WEST VIRGINIA,Hancock,2018,363,308,54,1,0,0,0,105,56,35,0,0,187,84,92,
968,WEST VIRGINIA,Harrison,2018,117,88,29,0,0,0,0,65,58,36,0,0,0,117,0,
969,WEST VIRGINIA,Kanawha,2018,364,217,146,1,0,0,0,105,60,46,2,0,102,260,0,
970,WEST VIRGINIA,Marion,2018,117,79,38,0,0,0,0,67,57,38,0,0,0,117,0,
971,WEST VIRGINIA,Marshall,2018,229,99,130,0,0,0,0,94,65,52,0,0,0,229,0,
972,WEST VIRGINIA,Monongalia,2018,278,236,42,0,0,0,0,93,54,38,0,0,208,70,0,
973,WEST VIRGINIA,Ohio,2018,283,225,57,1,0,0,0,105,61,41,0,0,210,73,0,
974,WEST VIRGINIA,Tucker,2018,365,332,33,0,0,0,0,74,49,35,0,0,347,18,0,
975,WEST VIRGINIA,Wood,2018,285,243,42,0,0,0,0,77,54,37,0,0,198,87,0,
976,WISCONSIN,Ashland,2018,360,324,36,0,0,0,0,84,51,36,0,0,318,42,0,
977,WISCONSIN,Brown,2018,360,262,97,1,0,0,0,105,61,42,0,0,178,182,0,
978,WISCONSIN,Columbia,2018,246,217,28,1,0,0,0,122,51,39,0,0,246,0,0,
979,WISCONSIN,Dane,2018,365,215,148,2,0,0,0,112,67,46,0,0,119,246,0,
980,WISCONSIN,Dodge,2018,365,250,112,3,0,0,0,133,68,44,0,0,203,162,0,
981,WISCONSIN,Door,2018,224,199,21,4,0,0,0,133,51,40,0,0,224,0,0,
982,WISCONSIN,Eau Claire,2018,365,244,120,1,0,0,0,129,65,44,0,0,156,209,0,
983,WISCONSIN,Fond Du Lac,2018,244,213,30,1,0,0,0,101,54,39,0,0,244,0,0,
984,WISCONSIN,Forest,2018,365,300,65,0,0,0,0,93,57,38,0,0,303,62,0,
985,WISCONSIN,Grant,2018,351,233,118,0,0,0,0,83,61,42,0,0,0,351,0,
986,WISCONSIN,Jefferson,2018,243,209,32,2,0,0,0,126,58,39,0,0,243,0,0,
987,WISCONSIN,Kenosha,2018,365,230,121,11,3,0,0,166,74,44,0,0,202,163,0,
988,WISCONSIN,Kewaunee,2018,240,200,35,4,1,0,0,151,64,42,0,0,240,0,0,
989,WISCONSIN,La Crosse,2018,365,256,109,0,0,0,0,97,63,43,0,0,134,231,0,
990,WISCONSIN,Manitowoc,2018,239,202,30,5,2,0,0,169,64,40,0,0,239,0,0,
991,WISCONSIN,Marathon,2018,232,205,27,0,0,0,0,97,54,39,0,0,232,0,0,
992,WISCONSIN,Milwaukee,2018,365,186,174,4,1,0,0,151,74,49,0,8,130,227,0,
993,WISCONSIN,Outagamie,2018,361,264,96,1,0,0,0,101,63,42,0,0,187,174,0,
994,WISCONSIN,Ozaukee,2018,363,254,102,5,2,0,0,169,68,43,0,0,201,162,0,
995,WISCONSIN,Racine,2018,236,187,38,9,2,0,0,161,77,42,0,0,236,0,0,
996,WISCONSIN,Rock,2018,246,217,28,1,0,0,0,133,54,39,0,0,246,0,0,
997,WISCONSIN,Sauk,2018,365,265,99,1,0,0,0,122,63,42,0,0,185,179,1,
998,WISCONSIN,Sheboygan,2018,239,186,42,9,2,0,0,185,84,43,0,0,239,0,0,
999,WISCONSIN,Taylor,2018,365,274,91,0,0,0,0,93,61,42,0,0,220,145,0,
1000,WISCONSIN,Vilas,2018,360,298,62,0,0,0,0,100,57,39,0,0,180,180,0,
1001,WISCONSIN,Walworth,2018,237,202,33,2,0,0,0,126,58,40,0,0,237,0,0,
1002,WISCONSIN,Waukesha,2018,365,213,149,3,0,0,0,122,67,46,0,0,120,245,0,
1003,WYOMING,Albany,2018,365,218,144,3,0,0,0,115,74,48,0,0,292,16,57,
1004,WYOMING,Big Horn,2018,348,311,37,0,0,0,0,84,51,39,0,0,348,0,0,
1005,WYOMING,Campbell,2018,365,256,105,2,2,0,0,169,64,43,0,1,221,38,105,
1006,WYOMING,Carbon,2018,365,292,73,0,0,0,0,90,61,42,0,22,343,0,0,
1007,WYOMING,Converse,2018,365,310,54,1,0,0,0,102,55,41,0,2,326,9,28,
1008,WYOMING,Fremont,2018,365,250,115,0,0,0,0,97,67,46,0,0,321,44,0,
1009,WYOMING,Johnson,2018,228,190,38,0,0,0,0,90,57,39,0,1,215,0,12,
1010,WYOMING,Laramie,2018,365,288,76,1,0,0,0,109,61,43,0,5,318,38,4,
1011,WYOMING,Lincoln,2018,365,343,22,0,0,0,0,82,44,16,0,0,0,0,365,
1012,WYOMING,Natrona,2018,365,286,79,0,0,0,0,90,58,42,0,11,336,18,0,
1013,WYOMING,Park,2018,212,194,16,2,0,0,0,136,47,31,0,0,113,84,15,
1014,WYOMING,Platte,2018,61,58,3,0,0,0,0,55,36,15,0,0,0,0,61,
1015,WYOMING,Sheridan,2018,365,241,121,3,0,0,0,123,68,46,0,0,280,80,5,
1016,WYOMING,Sublette,2018,365,230,135,0,0,0,0,97,71,47,0,0,329,35,1,
1017,WYOMING,Sweetwater,2018,365,210,147,7,1,0,0,163,74,48,0,3,290,11,61,
1018,WYOMING,Teton,2018,365,273,91,1,0,0,0,106,64,44,0,0,319,45,1,
1019,WYOMING,Uinta,2018,365,287,77,1,0,0,0,108,61,44,0,2,354,0,9,
1020,WYOMING,Weston,2018,340,291,48,1,0,0,0,101,54,42,0,0,340,0,0,
